a,b
-0.03570700158485708,0.050522135270653745
-0.03570700158485708,0.050522135270653745
-0.03570700158485708,0.050522135270653745
-0.03570700158485708,0.050522135270653745
-0.03570700158485708,0.050522135270653745
-0.03570700158485708,0.050522135270653745
-0.03570700158485708,0.050522135270653745
-0.03570700158485708,0.050522135270653745
-0.03570700158485708,0.050522135270653745
-0.03570700158485708,0.050522135270653745
-0.03570700158485708,0.050522135270653745
-0.03570700158485708,0.050522135270653745
-0.03570700158485708,0.050522135270653745
-0.03570700158485708,0.050522135270653745
-0.03570700158485708,0.050522135270653745
-0.03570700158485708,0.050522135270653745
-0.03570700158485708,0.050522135270653745
-0.03570700158485708,0.050522135270653745
-0.03570700158485708,0.050522135270653745
-0.03570700158485708,0.050522135270653745
-0.03570700158485708,0.050522135270653745
-0.03570700158485709,0.19370165270542583
-0.035707001584857095,0.32626726458689015
-0.035707001584857095,0.43339308659384174
-0.035707001584857095,0.6051636006301964
-0.035707001584857095,0.734895257178544
-0.035707001584857095,0.8318295115685095
-0.03570700158485708,0.32729685159901867
-0.035707001584857095,0.4651069893468626
-0.035707001584857095,1.085049915577061
-0.035707001584857095,0.6680935323740644
-0.035707001584857095,0.6202762487007207
-0.03570700158485709,0.4556598706426228
-0.035707001584857075,0.3124096150825164
-0.035707001584857095,0.2617485142406123
-0.03570700158485709,0.27024050291990953
-0.035707001584857095,0.3054923808903378
-0.035707001584857095,0.27810692916998125
-0.03570700158485708,0.050522135270653745
-0.03570700158485708,0.050522135270653745
-0.035707001584857095,0.35565080266243915
-0.035707001584857095,0.4276786399439592
-0.03570700158485709,0.4348126806378108
-0.035707001584857095,0.49139210628609603
-0.035707001584857095,0.6652599588721638
-0.035707001584857095,0.977480722238161
-0.035707001584857095,1.0657761735828932
-0.035707001584857095,0.9994202244261228
-0.035707001584857095,0.5315934733051143
-0.03570700158485709,0.3760562479908642
-0.035707001584857095,0.3826382369701479
-0.03570700158485708,0.050522135270653745
-0.03570700158485708,0.050522135270653745
-0.03570700158485708,0.050522135270653745
-0.03570700158485708,0.050522135270653745
-0.035707001584857095,0.219531378552679
-0.035707001584857095,0.7002409221811747
-0.035707001584857095,0.8088192361409792
-0.035707001584857095,0.7546326774817177
-0.035707001584857095,0.704610205628722
-0.035707001584857095,0.4857810103075862
-0.035707001584857095,0.2409826682848506
-0.035707001584857095,0.1662929713880863
-0.03570700158485708,0.05489099979578371
-0.03570700158485708,0.050522135270653745
-0.03570700158485708,0.050522135270653745
-0.03570700158485708,0.050522135270653745
-0.03570700158485708,0.050522135270653745
-0.03570700158485708,0.050522135270653745
-0.03570700158485708,0.050522135270653745
-0.03570700158485708,0.050522135270653745
-0.03570700158485708,0.050522135270653745
-0.03570700158485708,0.050522135270653745
-0.03570700158485708,0.050522135270653745
-0.03570700158485708,0.050522135270653745
-0.03570700158485708,0.050522135270653745
-0.03570700158485708,0.050522135270653745
-0.03570700158485708,0.050522135270653745
-0.03570700158485709,0.06333209313941068
-0.03570700158485708,0.050522135270653745
-0.03570700158485708,0.050522135270653745
-0.03570700158485708,0.08137134612496477
-0.035707001584857095,0.19951787289324407
-0.03570700158485708,0.3299183503511047
-0.035707001584857095,0.5183721339199074
-0.035707001584857095,0.42185709830816187
-0.035707001584857095,0.4056225121161263
-0.035707001584857095,0.38709786236055377
-0.035707001584857095,0.4547835814575873
-0.03570700158485709,0.5223804313555894
-0.035707001584857095,0.45081016586962036
-0.035707001584857095,0.4156305844858411
-0.03570700158485709,0.5069142645480265
-0.035707001584857095,0.5481289470925905
-0.035707001584857095,0.6730133966974464
-0.035707001584857095,0.8432456144240172
-0.035707001584857095,0.5057102882051312
-0.035707001584857095,0.46647261411442886
-0.035707001584857095,0.5058379269164359
-0.035707001584857095,0.8040716614316915
-0.035707001584857095,0.8908158896417145
-0.035707001584857095,0.8366028492592624
-0.035707001584857095,0.7230082159345064
-0.035707001584857095,0.6421500419246609
-0.03570700158485709,0.5060200310984138
-0.03570700158485709,0.2738526475529529
-0.03570700158485709,0.17271333447334347
-0.035707001584857095,0.41465675775926314
-0.03570700158485709,0.4436666694187743
-0.03570700158485709,0.4734558688179374
-0.035707001584857095,0.4132498503156037
-0.035707001584857095,0.39682812063203604
-0.03570700158485709,0.24058199412695302
-0.03570700158485708,0.08306944588246035
-0.03570700158485708,0.050522135270653745
-0.03570700158485708,0.050522135270653745
-0.03570700158485708,0.050522135270653745
-0.03570700158485708,0.050522135270653745
-0.03570700158485708,0.050522135270653745
-0.03570700158485708,0.050522135270653745
-0.03570700158485708,0.050522135270653745
-0.03570700158485708,0.050522135270653745
-0.03570700158485708,0.050522135270653745
-0.03570700158485708,0.050522135270653745
-0.03570700158485708,0.050522135270653745
-0.03570700158485708,0.050522135270653745
-0.03570700158485708,0.050522135270653745
-0.03570700158485708,0.050522135270653745
-0.03570700158485708,0.050522135270653745
-0.03570700158485708,0.050522135270653745
-0.03570700158485708,0.050522135270653745
-0.03570700158485708,0.050522135270653745
-0.03570700158485708,0.050522135270653745
-0.03570700158485708,0.050522135270653745
-0.03570700158485708,0.050522135270653745
-0.03570700158485708,0.050522135270653745
-0.03570700158485708,0.050522135270653745
-0.03570700158485708,0.050522135270653745
-0.03570700158485708,0.050522135270653745
-0.03570700158485708,0.050522135270653745
-0.03570700158485708,0.050522135270653745
-0.03570700158485708,0.050522135270653745
-0.03570700158485708,0.050522135270653745
-0.03570700158485708,0.050522135270653745
-0.03570700158485708,0.050522135270653745
-0.03570700158485708,0.050522135270653745
-0.03570700158485708,0.050522135270653745
-0.03570700158485708,0.050522135270653745
-0.03570700158485708,0.050522135270653745
-0.03570700158485708,0.050522135270653745
-0.03570700158485708,0.050522135270653745
-0.03570700158485708,0.050522135270653745
-0.03570700158485708,0.050522135270653745
-0.03570700158485708,0.050522135270653745
-0.03570700158485708,0.050522135270653745
-0.03570700158485708,0.050522135270653745
-0.03570700158485708,0.050522135270653745
-0.03570700158485708,0.050522135270653745
-0.03570700158485708,0.050522135270653745
-0.03570700158485708,0.050522135270653745
-0.03570700158485708,0.050522135270653745
-0.03570700158485708,0.050522135270653745
-0.03570700158485708,0.050522135270653745
-0.03570700158485708,0.050522135270653745
-0.035707001584857075,0.17044179875407783
-0.035707001584857075,0.29016655786146195
-0.03570700158485708,0.4098522473792037
-0.035707001584857095,0.530057779839781
-0.035707001584857095,0.6519143337071194
-0.035707001584857095,0.7772867912451755
-0.035707001584857095,0.5891098455613419
-0.035707001584857095,0.5505048523080281
-0.035707001584857095,0.38093845797685355
-0.0357070015848571,0.0748909607958228
-0.03570700158485708,0.050522135270653745
-0.03570700158485708,0.050522135270653745
-0.03570700158485708,0.050522135270653745
-0.03570700158485709,0.09131607815329779
-0.03570700158485709,0.09535035816351134
-0.035707001584857095,0.1380964384123209
-0.03570700158485709,0.2587139649447845
-0.035707001584857095,0.7114035865338478
-0.03570700158485708,0.050522135270653745
-0.03570700158485708,0.050522135270653745
-0.03570700158485708,0.050522135270653745
-0.03570700158485708,0.050522135270653745
-0.03570700158485708,0.050522135270653745
-0.035707001584857095,0.1424530553907818
-0.035707001584857095,0.5290642487519179
-0.035707001584857095,0.45603635126985637
-0.035707001584857095,0.7656577255921693
-0.035707001584857095,1.1236120234173814
-0.035707001584857095,1.298010283722733
-0.035707001584857095,1.666176190554026
-0.035707001584857095,2.0613416525626236
-0.035707001584857095,2.19084070524915
-0.035707001584857095,2.2256823286512546
-0.03570700158485708,1.4385374908399957
-0.035707001584857075,2.0004292000968826
-0.035707001584857095,1.557368325748938
-0.03570700158485708,1.7949911316592768
-0.03570700158485708,1.6419897042479814
-0.035707001584857095,1.718512743690138
-0.035707001584857095,1.1598175128118537
-0.035707001584857095,0.9655721279044577
-0.035707001584857095,0.7570139927069807
-0.03570700158485708,0.12923142806600585
-0.03570700158485708,0.050522135270653745
-0.03570700158485708,0.050522135270653745
-0.03570700158485708,0.050522135270653745
-0.03570700158485708,0.050522135270653745
-0.03570700158485708,0.050522135270653745
-0.03570700158485708,0.050522135270653745
-0.03570700158485708,0.050522135270653745
-0.03570700158485708,0.050522135270653745
-0.03570700158485708,0.050522135270653745
-0.035707001584857095,0.24371872797192695
-0.03570700158485709,0.45485013449087586
-0.035707001584857095,0.6196501341762988
-0.035707001584857095,0.654046465811643
-0.035707001584857095,0.907822269772288
-0.035707001584857095,1.163777031580039
-0.035707001584857095,1.1855361066988785
-0.03570700158485708,1.4068588303069562
-0.035707001584857095,1.6820291978351678
-0.035707001584857075,2.013130297695215
-0.035707001584857075,1.9956670318633463
-0.035707001584857095,1.6765568257821488
-0.035707001584857095,1.4525318873079862
-0.03570700158485709,1.1752147346630692
-0.035707001584857095,0.8551330199387172
-0.035707001584857095,0.5064032498492502
-0.035707001584857095,0.5368126000759081
-0.035707001584857095,0.4868079433169721
-0.035707001584857095,0.366124670307676
-0.035707001584857095,0.2645150855275923
-0.03570700158485708,0.050522135270653745
-0.03570700158485708,0.050522135270653745
-0.03570700158485708,0.050522135270653745
-0.03570700158485708,0.050522135270653745
-0.03570700158485708,0.050522135270653745
-0.03570700158485708,0.050522135270653745
-0.03570700158485708,0.050522135270653745
-0.0357070015848571,0.08593229144259185
-0.03570700158485708,0.29531426420297957
-0.035707001584857095,0.516984863200439
-0.035707001584857095,0.7367797293496107
-0.035707001584857095,0.9406684137395832
-0.035707001584857095,1.0324275808469383
-0.035707001584857095,0.9987030342356154
-0.035707001584857095,1.0771895718174935
-0.035707001584857095,0.7787689483636265
-0.035707001584857095,0.90703385188702
-0.035707001584857095,0.9095668768450473
-0.035707001584857095,0.9495486305123999
-0.035707001584857095,0.7204132035413352
-0.035707001584857095,0.6976587261476908
-0.035707001584857095,0.8158097071232531
-0.03570700158485709,0.46037054198989236
-0.035707001584857095,0.26181030037727626
-0.03570700158485708,0.050522135270653745
-0.03570700158485708,0.050522135270653745
-0.03570700158485708,0.050522135270653745
-0.03570700158485708,0.050522135270653745
-0.03570700158485708,0.050522135270653745
-0.03570700158485708,0.050522135270653745
-0.03570700158485708,0.050522135270653745
-0.03570700158485708,0.050522135270653745
-0.03570700158485708,0.050522135270653745
-0.03570700158485708,0.050522135270653745
-0.03570700158485708,0.09298648681762933
-0.035707001584857095,0.49909160751631026
-0.035707001584857095,0.7616896126090899
-0.035707001584857095,1.01952896325141
-0.035707001584857095,1.2642452464895952
-0.03570700158485708,1.487592923432959
-0.035707001584857095,1.6016314008571906
-0.03570700158485708,1.6735714220955051
-0.035707001584857095,2.025418628199341
-0.035707001584857095,1.6842278176120216
-0.03570700158485709,1.356943722030608
-0.03570700158485709,1.3856747606346602
-0.035707001584857095,0.8865199105043731
-0.03570700158485709,0.5196766712282197
-0.03570700158485708,0.050522135270653745
-0.03570700158485708,0.050522135270653745
-0.03570700158485708,0.050522135270653745
-0.03570700158485708,0.050522135270653745
-0.03570700158485708,0.050522135270653745
-0.03570700158485708,0.050522135270653745
-0.03570700158485708,0.050522135270653745
-0.03570700158485708,0.050522135270653745
-0.03570700158485708,0.050522135270653745
-0.03570700158485708,0.050522135270653745
-0.03570700158485708,0.050522135270653745
-0.03570700158485708,0.050522135270653745
-0.03570700158485708,0.050522135270653745
-0.035707001584857095,0.2115154829312772
-0.035707001584857095,0.45302051772190777
-0.035707001584857095,0.6211943451059176
-0.035707001584857095,0.48920515403973
-0.035707001584857095,0.5471072635885961
-0.035707001584857095,0.6478138160533805
-0.03570700158485709,0.4406221946215786
-0.03570700158485709,0.3410154132875688
-0.035707001584857095,0.34523349716432306
-0.03570700158485708,0.2586263107832921
-0.035707001584857095,0.2136408617918828
-0.035707001584857095,0.210766778737287
-0.03570700158485708,0.07618374565382446
-0.03570700158485708,0.050522135270653745
-0.03570700158485708,0.050522135270653745
-0.03570700158485708,0.050522135270653745
-0.03570700158485708,0.050522135270653745
-0.03570700158485708,0.050522135270653745
-0.03570700158485708,0.050522135270653745
-0.03570700158485708,0.050522135270653745
-0.03570700158485708,0.050522135270653745
-0.03570700158485708,0.050522135270653745
-0.03570700158485708,0.050522135270653745
-0.03570700158485708,0.050522135270653745
-0.03570700158485708,0.050522135270653745
-0.03570700158485708,0.050522135270653745
-0.03570700158485708,0.050522135270653745
-0.03570700158485708,0.050522135270653745
-0.03570700158485708,0.050522135270653745
-0.03570700158485708,0.050522135270653745
-0.03570700158485708,0.050522135270653745
-0.03570700158485708,0.050522135270653745
-0.03570700158485708,0.050522135270653745
-0.03570700158485708,0.050522135270653745
-0.03570700158485708,0.050522135270653745
-0.03570700158485708,0.050522135270653745
-0.03570700158485708,0.050522135270653745
-0.03570700158485708,0.050522135270653745
-0.03570700158485708,0.050522135270653745
-0.03570700158485708,0.050522135270653745
-0.03570700158485708,0.050522135270653745
-0.03570700158485708,0.050522135270653745
-0.03570700158485708,0.050522135270653745
-0.03570700158485708,0.050522135270653745
-0.03570700158485708,0.050522135270653745
-0.03570700158485708,0.050522135270653745
-0.03570700158485708,0.050522135270653745
-0.03570700158485708,0.050522135270653745
-0.03570700158485708,0.050522135270653745
-0.03570700158485708,0.050522135270653745
-0.035707001584857095,0.05386325483387655
-0.035707001584857095,0.20608782142841364
-0.03570700158485709,0.32580457947966945
-0.03570700158485708,0.44640377716344093
-0.035707001584857095,0.5689023343001829
-0.035707001584857095,0.6380144506806698
-0.035707001584857095,0.6246819031910432
-0.035707001584857095,0.6468532658628224
-0.035707001584857095,0.2576037212873773
-0.035707001584857095,0.40426225934905763
-0.035707001584857095,0.419047480315825
-0.035707001584857095,0.5219668949046506
-0.035707001584857095,0.7789259657049323
-0.035707001584857095,0.37448495745590754
-0.035707001584857095,0.4497475785853617
-0.035707001584857095,0.3899357228019328
-0.03570700158485709,0.567368957546694
-0.035707001584857095,0.708265073123642
-0.035707001584857095,0.858074298494045
-0.035707001584857095,0.5430647299991725
-0.035707001584857095,0.7205319296019755
-0.03570700158485708,0.5845257543146833
-0.035707001584857095,0.5354524972743384
-0.035707001584857095,0.8312600785603296
-0.035707001584857095,1.1899965626992755
-0.035707001584857095,1.0753346653887004
-0.035707001584857095,0.8263458673436376
-0.035707001584857095,0.8197586155430131
-0.035707001584857095,0.7988482242001256
-0.035707001584857095,0.7641429799777287
-0.035707001584857095,0.7165222377761798
-0.035707001584857095,0.7104724044088915
-0.035707001584857095,0.7494689830458048
-0.035707001584857095,0.5672102250294317
-0.03570700158485709,0.37527500170036515
-0.035707001584857075,0.12794405554396981
-0.03570700158485708,0.050522135270653745
-0.03570700158485708,0.050522135270653745
-0.03570700158485708,0.050522135270653745
-0.03570700158485708,0.050522135270653745
-0.03570700158485708,0.050522135270653745
-0.03570700158485708,0.050522135270653745
-0.03570700158485708,0.050522135270653745
-0.03570700158485708,0.050522135270653745
-0.03570700158485708,0.050522135270653745
-0.03570700158485708,0.050522135270653745
-0.03570700158485708,0.050522135270653745
-0.03570700158485708,0.050522135270653745
-0.03570700158485708,0.050522135270653745
-0.03570700158485708,0.050522135270653745
-0.03570700158485708,0.050522135270653745
-0.03570700158485708,0.050522135270653745
-0.03570700158485708,0.050522135270653745
-0.03570700158485708,0.050522135270653745
-0.03570700158485708,0.050522135270653745
-0.03570700158485708,0.050522135270653745
-0.035707001584857095,0.12141292966694239
-0.03570700158485708,0.26962874292605576
-0.035707001584857095,0.3907115011046771
-0.035707001584857095,0.5105765488451762
-0.035707001584857095,0.6296920361573987
-0.035707001584857095,0.7492343832813136
-0.035707001584857095,0.8712662443392982
-0.035707001584857095,0.7223145255472092
-0.03570700158485708,0.050522135270653745
-0.035707001584857095,0.5417809657644128
-0.03570700158485709,0.4291535088650843
-0.035707001584857095,0.2626028230171983
-0.03570700158485708,0.050522135270653745
-0.03570700158485708,0.050522135270653745
-0.03570700158485708,0.050522135270653745
-0.03570700158485708,0.050522135270653745
-0.03570700158485708,0.050522135270653745
-0.03570700158485708,0.050522135270653745
-0.03570700158485708,0.050522135270653745
-0.03570700158485708,0.050522135270653745
-0.03570700158485708,0.050522135270653745
-0.03570700158485708,0.050522135270653745
-0.03570700158485708,0.050522135270653745
-0.03570700158485708,0.050522135270653745
-0.03570700158485708,0.050522135270653745
-0.03570700158485708,0.050522135270653745
-0.03570700158485708,0.050522135270653745
-0.03570700158485708,0.050522135270653745
-0.03570700158485708,0.050522135270653745
-0.03570700158485708,0.050522135270653745
-0.03570700158485708,0.050522135270653745
-0.03570700158485708,0.050522135270653745
-0.03570700158485708,0.050522135270653745
-0.03570700158485708,0.050522135270653745
-0.03570700158485708,0.050522135270653745
-0.03570700158485708,0.050522135270653745
-0.03570700158485708,0.050522135270653745
-0.03570700158485708,0.050522135270653745
-0.03570700158485708,0.050522135270653745
-0.03570700158485708,0.050522135270653745
-0.03570700158485708,0.050522135270653745
-0.03570700158485708,0.050522135270653745
-0.03570700158485708,0.050522135270653745
-0.03570700158485708,0.050522135270653745
-0.03570700158485708,0.050522135270653745
-0.03570700158485708,0.23807967172993438
-0.03570700158485708,0.42871072397002413
-0.035707001584857095,0.6246817623266003
-0.035707001584857095,0.8280890305293901
-0.035707001584857095,1.0407354818924377
-0.03570700158485709,1.2639586468964399
-0.03570700158485708,1.4984032130867613
-0.03570700158485708,1.743740566903957
-0.035707001584857095,1.1149295686557996
-0.035707001584857095,1.1554194395897135
-0.035707001584857095,1.7724585958930748
-0.035707001584857095,1.4529506707531548
-0.035707001584857095,1.0566871884088649
-0.035707001584857095,1.3896392317548503
-0.035707001584857095,0.9339939997928642
-0.035707001584857095,1.0184713660527724
-0.035707001584857095,0.9883379722484373
-0.035707001584857095,0.620475130926518
-0.035707001584857095,0.6576509875576477
-0.035707001584857095,0.5825450363621647
-0.03570700158485708,0.3419061004402375
-0.035707001584857095,0.20149058756736637
-0.035707001584857095,0.4215825874646965
-0.03570700158485709,0.1771638121154525
-0.03570700158485708,0.050522135270653745
-0.03570700158485708,0.050522135270653745
-0.03570700158485708,0.050522135270653745
-0.03570700158485708,0.050522135270653745
-0.03570700158485708,0.050522135270653745
-0.03570700158485708,0.050522135270653745
-0.03570700158485708,0.050522135270653745
-0.03570700158485708,0.050522135270653745
-0.03570700158485708,0.050522135270653745
-0.03570700158485708,0.050522135270653745
-0.03570700158485708,0.050522135270653745
-0.03570700158485708,0.050522135270653745
-0.03570700158485708,0.050522135270653745
-0.03570700158485708,0.050522135270653745
-0.03570700158485708,0.050522135270653745
-0.03570700158485708,0.050522135270653745
-0.03570700158485708,0.08871047592270076
-0.035707001584857095,0.07102424397079177
-0.0357070015848571,0.15383548081417053
-0.035707001584857095,0.28544451753615885
-0.03570700158485708,0.050522135270653745
-0.03570700158485708,0.050522135270653745
-0.03570700158485708,0.050522135270653745
-0.03570700158485708,0.050522135270653745
-0.03570700158485708,0.050522135270653745
-0.03570700158485708,0.050522135270653745
-0.03570700158485708,0.050522135270653745
-0.03570700158485708,0.050522135270653745
-0.03570700158485708,0.050522135270653745
-0.03570700158485708,0.050522135270653745
-0.03570700158485708,0.050522135270653745
-0.03570700158485708,0.050522135270653745
-0.03570700158485708,0.050522135270653745
-0.03570700158485708,0.050522135270653745
-0.03570700158485708,0.050522135270653745
-0.03570700158485708,0.050522135270653745
-0.03570700158485708,0.050522135270653745
-0.03570700158485708,0.050522135270653745
-0.03570700158485708,0.050522135270653745
-0.0357070015848571,0.09448670497059353
-0.035707001584857095,0.23399817843946824
-0.035707001584857095,0.3159988489481027
-0.035707001584857095,0.27235306881600707
-0.035707001584857095,0.4633279339918779
-0.035707001584857095,0.3948581496041471
-0.03570700158485709,0.3984859375472746
-0.03570700158485708,0.5311230624502612
-0.035707001584857095,0.7570785528933208
-0.035707001584857095,0.8356255755509432
-0.035707001584857095,0.8420120953102993
-0.035707001584857095,0.7879505771016563
-0.035707001584857095,0.7665607208873901
-0.035707001584857095,0.7285152894581369
-0.035707001584857095,0.7781593574250754
-0.035707001584857095,0.7926505658869475
-0.035707001584857095,0.727037949761126
-0.035707001584857095,0.6835534533686816
-0.035707001584857095,0.5543360399904588
-0.035707001584857095,0.4128696342977273
-0.035707001584857075,0.3381792365291797
-0.035707001584857095,0.29721526106421026
-0.035707001584857095,0.2548111145291595
-0.035707001584857095,0.21149862125626806
-0.03570700158485709,0.16782177905745044
-0.03570700158485709,0.3449963865853073
-0.035707001584857095,0.15476996361155937
-0.03570700158485709,0.11108694302875477
-0.03570700158485708,0.050522135270653745
-0.03570700158485708,0.050522135270653745
-0.03570700158485708,0.050522135270653745
-0.03570700158485708,0.050522135270653745
-0.03570700158485708,0.050522135270653745
-0.03570700158485708,0.050522135270653745
-0.03570700158485708,0.050522135270653745
-0.03570700158485708,0.050522135270653745
-0.03570700158485708,0.050522135270653745
-0.03570700158485708,0.050522135270653745
-0.03570700158485708,0.050522135270653745
-0.03570700158485708,0.050522135270653745
-0.03570700158485708,0.050522135270653745
-0.03570700158485708,0.050522135270653745
-0.03570700158485708,0.050522135270653745
-0.03570700158485708,0.050522135270653745
-0.03570700158485708,0.050522135270653745
-0.03570700158485708,0.050522135270653745
-0.03570700158485708,0.050522135270653745
-0.03570700158485708,0.050522135270653745
-0.03570700158485708,0.050522135270653745
-0.03570700158485708,0.050522135270653745
-0.03570700158485708,0.050522135270653745
-0.03570700158485708,0.050522135270653745
-0.03570700158485708,0.050522135270653745
-0.03570700158485708,0.050522135270653745
-0.03570700158485708,0.050522135270653745
-0.03570700158485708,0.050522135270653745
-0.03570700158485708,0.050522135270653745
-0.03570700158485708,0.050522135270653745
-0.03570700158485708,0.1700803672886505
-0.035707001584857095,0.28962508848089663
-0.035707001584857095,0.40944940525184137
-0.03570700158485709,0.4858014078616877
-0.03570700158485709,0.2285882461951796
-0.035707001584857095,0.2032405739606996
-0.03570700158485708,0.12066101534665363
-0.03570700158485708,0.050522135270653745
-0.03570700158485708,0.050522135270653745
-0.03570700158485708,0.050522135270653745
-0.03570700158485708,0.050522135270653745
-0.03570700158485708,0.050522135270653745
-0.03570700158485708,0.050522135270653745
-0.03570700158485708,0.050522135270653745
-0.03570700158485708,0.050522135270653745
-0.03570700158485708,0.050522135270653745
-0.035707001584857095,0.0942343710099065
-0.03570700158485708,0.050522135270653745
-0.03570700158485708,0.050522135270653745
-0.03570700158485708,0.050522135270653745
-0.03570700158485708,0.050522135270653745
-0.035707001584857075,0.0884067287742617
-0.03570700158485708,0.13147476278771042
-0.03570700158485708,0.22660116990938728
-0.0357070015848571,0.3050539686951911
-0.035707001584857095,0.42165911440626985
-0.035707001584857095,0.4067144729413063
-0.035707001584857095,0.5399788298662767
-0.035707001584857095,0.5288720804941921
-0.03570700158485709,0.34832628532460164
-0.03570700158485709,0.3765272785113001
-0.035707001584857095,0.5014636287847715
-0.035707001584857095,0.5349798121724507
-0.03570700158485709,0.5673877099100444
-0.035707001584857095,0.4941130082255236
-0.03570700158485709,0.47967379907933605
-0.03570700158485709,0.4941871905771934
-0.035707001584857095,0.5745164828861997
-0.035707001584857095,0.8777582726905563
-0.03570700158485709,1.076386956848111
-0.035707001584857095,0.9286068688371123
-0.035707001584857095,0.7889760308733509
-0.035707001584857095,0.7915076316602517
-0.035707001584857095,0.2274485670712164
-0.03570700158485708,0.050522135270653745
-0.03570700158485708,0.050522135270653745
-0.03570700158485708,0.050522135270653745
-0.03570700158485708,0.050522135270653745
-0.03570700158485708,0.050522135270653745
-0.03570700158485708,0.050522135270653745
-0.03570700158485708,0.050522135270653745
-0.03570700158485708,0.050522135270653745
-0.03570700158485708,0.050522135270653745
-0.03570700158485708,0.050522135270653745
-0.03570700158485708,0.050522135270653745
-0.03570700158485708,0.050522135270653745
-0.03570700158485708,0.050522135270653745
-0.03570700158485708,0.050522135270653745
-0.03570700158485708,0.050522135270653745
-0.03570700158485708,0.050522135270653745
-0.03570700158485708,0.050522135270653745
-0.03570700158485708,0.050522135270653745
-0.03570700158485708,0.050522135270653745
-0.03570700158485708,0.050522135270653745
-0.03570700158485708,0.050522135270653745
-0.03570700158485708,0.050522135270653745
-0.03570700158485708,0.050522135270653745
-0.03570700158485708,0.050522135270653745
-0.03570700158485708,0.050522135270653745
-0.03570700158485708,0.050522135270653745
-0.03570700158485708,0.050522135270653745
-0.03570700158485708,0.050522135270653745
-0.03570700158485708,0.050522135270653745
-0.03570700158485708,0.050522135270653745
-0.03570700158485708,0.050522135270653745
-0.03570700158485708,0.050522135270653745
-0.03570700158485708,0.050522135270653745
-0.035707001584857095,0.1380922627458322
-0.035707001584857095,0.2786837072256585
-0.035707001584857095,0.532121404728875
-0.035707001584857095,0.5439887218977302
-0.035707001584857095,0.6291176979404096
-0.035707001584857095,0.5275914118050766
-0.035707001584857095,0.5143314353323367
-0.035707001584857095,0.7874258160284231
-0.035707001584857095,0.8239607909371965
-0.035707001584857095,0.6406232000070119
-0.035707001584857095,0.5779887112566455
-0.03570700158485709,0.5340744689592073
-0.03570700158485709,0.5534207241656621
-0.035707001584857095,0.38233021805915807
-0.035707001584857095,0.16007182735120384
-0.035707001584857095,0.15599664942928193
-0.03570700158485708,0.050522135270653745
-0.03570700158485708,0.050522135270653745
-0.03570700158485708,0.050522135270653745
-0.03570700158485708,0.050522135270653745
-0.03570700158485708,0.050522135270653745
-0.03570700158485708,0.050522135270653745
-0.03570700158485708,0.050522135270653745
-0.03570700158485708,0.050522135270653745
-0.03570700158485708,0.050522135270653745
-0.03570700158485708,0.050522135270653745
-0.03570700158485708,0.050522135270653745
-0.03570700158485708,0.050522135270653745
-0.03570700158485708,0.050522135270653745
-0.03570700158485708,0.050522135270653745
-0.03570700158485708,0.050522135270653745
-0.03570700158485708,0.050522135270653745
-0.03570700158485708,0.050522135270653745
-0.03570700158485708,0.050522135270653745
-0.03570700158485708,0.050522135270653745
-0.03570700158485708,0.050522135270653745
-0.03570700158485708,0.050522135270653745
-0.03570700158485708,0.050522135270653745
-0.03570700158485708,0.050522135270653745
-0.03570700158485708,0.050522135270653745
-0.03570700158485708,0.050522135270653745
-0.03570700158485708,0.050522135270653745
-0.03570700158485708,0.050522135270653745
-0.03570700158485708,0.050522135270653745
-0.03570700158485708,0.050522135270653745
-0.03570700158485708,0.050522135270653745
-0.03570700158485708,0.050522135270653745
-0.03570700158485708,0.050522135270653745
-0.03570700158485709,0.06489522451410623
-0.035707001584857095,0.10827784169999644
-0.03570700158485709,0.0778831626878208
-0.035707001584857095,0.1851249650252511
-0.035707001584857075,0.3229288021169744
-0.035707001584857095,0.29330134568393784
-0.035707001584857095,0.3675470532483583
-0.035707001584857095,0.1735670670788454
-0.03570700158485708,0.3657703521330037
-0.03570700158485708,0.050522135270653745
-0.03570700158485708,0.050522135270653745
-0.03570700158485708,0.050522135270653745
-0.03570700158485709,0.44306841138040304
-0.03570700158485708,0.29645547940858674
-0.03570700158485709,0.3061558200050497
-0.035707001584857095,0.5095302180845146
-0.03570700158485709,0.43811323775219857
-0.03570700158485708,0.15223812835429218
-0.03570700158485708,0.0580306464218272
-0.03570700158485709,0.41859322882571176
-0.03570700158485709,0.46603680219774896
-0.03570700158485709,0.37234093983421457
-0.03570700158485708,0.050522135270653745
-0.035707001584857095,0.06480194723468369
-0.03570700158485708,0.050522135270653745
-0.03570700158485708,0.050522135270653745
-0.03570700158485708,0.050522135270653745
-0.03570700158485708,0.050522135270653745
-0.03570700158485708,0.050522135270653745
-0.03570700158485708,0.050522135270653745
-0.03570700158485708,0.050522135270653745
-0.03570700158485708,0.050522135270653745
-0.035707001584857095,0.06044819090829934
-0.03570700158485708,0.050522135270653745
-0.035707001584857095,0.05932545042365822
-0.035707001584857095,0.2305991962842031
-0.035707001584857095,0.4737495309175757
-0.035707001584857095,0.651917655205011
-0.035707001584857095,0.8037401648614453
-0.035707001584857095,0.6205569933061651
-0.035707001584857095,0.8233214282433757
-0.035707001584857095,0.9273591915885108
-0.035707001584857095,0.899784381940008
-0.035707001584857095,1.079160826391354
-0.035707001584857095,1.058604507101067
-0.035707001584857095,1.0471411196840879
-0.035707001584857095,0.9339350636859399
-0.035707001584857095,0.9541278319584021
-0.035707001584857095,0.7985515532560524
-0.035707001584857095,0.7450260611733284
-0.035707001584857095,0.6386595508789605
-0.035707001584857095,0.6472505615644137
-0.035707001584857095,0.5668956073475893
-0.03570700158485709,0.3942184536014808
-0.03570700158485709,0.21680799256271566
-0.035707001584857095,0.24262675631712405
-0.03570700158485708,0.14659067366352085
-0.03570700158485708,0.050522135270653745
-0.03570700158485708,0.050522135270653745
-0.03570700158485708,0.050522135270653745
-0.03570700158485708,0.050522135270653745
-0.03570700158485708,0.050522135270653745
-0.03570700158485708,0.050522135270653745
-0.03570700158485708,0.050522135270653745
-0.03570700158485708,0.050522135270653745
-0.03570700158485708,0.050522135270653745
-0.03570700158485708,0.050522135270653745
-0.03570700158485708,0.050522135270653745
-0.03570700158485708,0.050522135270653745
-0.03570700158485708,0.050522135270653745
-0.03570700158485708,0.050522135270653745
-0.03570700158485708,0.050522135270653745
-0.03570700158485708,0.050522135270653745
-0.03570700158485708,0.15640305629012163
-0.035707001584857095,0.2983335106455516
-0.035707001584857095,0.424864547492227
-0.035707001584857095,0.5481614299827965
-0.035707001584857095,0.5626039088449203
-0.035707001584857095,0.3099449004552681
-0.035707001584857095,0.10557849825405319
-0.035707001584857095,0.1582390837954657
-0.035707001584857095,0.19001728418057962
-0.03570700158485709,0.22849381886699882
-0.035707001584857095,0.2069114515799214
-0.035707001584857095,0.44059084470098414
-0.035707001584857095,0.36409360741446206
-0.03570700158485708,0.19968124073801108
-0.03570700158485708,0.050522135270653745
-0.03570700158485708,0.050522135270653745
-0.035707001584857095,0.14260917313766852
-0.03570700158485708,0.050522135270653745
-0.03570700158485708,0.050522135270653745
-0.03570700158485708,0.050522135270653745
-0.03570700158485708,0.050522135270653745
-0.03570700158485708,0.06798900459634538
-0.03570700158485708,0.20462330692536923
-0.035707001584857075,0.2604808663627305
-0.035707001584857095,0.27391468070483016
-0.035707001584857095,0.121942400311144
-0.03570700158485709,0.3656235783563763
-0.03570700158485709,0.44960031620428026
-0.035707001584857095,0.49053676751822334
-0.035707001584857095,0.5270658206759928
-0.03570700158485709,0.558641387533076
-0.035707001584857095,0.5847932136562135
-0.035707001584857095,0.6467486150413425
-0.035707001584857095,0.7905345584424717
-0.035707001584857095,0.8534083477427978
-0.035707001584857095,1.3272821032006483
-0.03570700158485709,1.1423533127540562
-0.035707001584857095,1.1610446732767206
-0.035707001584857095,1.1677731266378573
-0.035707001584857095,0.6568551567601661
-0.035707001584857095,0.9059838295776291
-0.035707001584857095,0.7591954536327403
-0.035707001584857095,0.6477769376162524
-0.035707001584857095,0.3757052996522789
-0.035707001584857095,0.24677529313930702
-0.035707001584857095,0.26352149735551633
-0.0357070015848571,0.1340880862788033
-0.03570700158485708,0.050522135270653745
-0.03570700158485708,0.050522135270653745
-0.03570700158485708,0.050522135270653745
-0.03570700158485708,0.050522135270653745
-0.03570700158485708,0.050522135270653745
-0.03570700158485708,0.050522135270653745
-0.03570700158485708,0.050522135270653745
-0.03570700158485708,0.050522135270653745
-0.03570700158485708,0.050522135270653745
-0.03570700158485708,0.050522135270653745
-0.03570700158485708,0.050522135270653745
-0.03570700158485708,0.050522135270653745
-0.03570700158485708,0.050522135270653745
-0.03570700158485708,0.050522135270653745
-0.03570700158485708,0.050522135270653745
-0.03570700158485708,0.050522135270653745
-0.03570700158485708,0.050522135270653745
-0.03570700158485708,0.050522135270653745
-0.03570700158485708,0.050522135270653745
-0.03570700158485708,0.050522135270653745
-0.03570700158485708,0.050522135270653745
-0.03570700158485708,0.050522135270653745
-0.03570700158485708,0.050522135270653745
-0.03570700158485708,0.050522135270653745
-0.03570700158485708,0.050522135270653745
-0.03570700158485708,0.050522135270653745
-0.03570700158485708,0.050522135270653745
-0.03570700158485708,0.305056237852524
-0.035707001584857095,0.5991499852662515
-0.035707001584857095,0.6153271846064433
-0.035707001584857095,0.5602610748290457
-0.035707001584857095,0.6279675502989259
-0.035707001584857095,0.6640961898892236
-0.035707001584857095,0.6985617772013953
-0.035707001584857095,0.8052354800321082
-0.035707001584857095,0.9209267742242073
-0.035707001584857095,0.9644434473321483
-0.035707001584857095,0.8365078242827405
-0.035707001584857095,0.6049029971066846
-0.035707001584857095,0.6760491697997301
-0.035707001584857095,0.6651564710152708
-0.035707001584857095,0.6481152230827678
-0.035707001584857095,0.7922116935163155
-0.035707001584857095,0.6454785665751204
-0.035707001584857095,0.7837745902975323
-0.035707001584857095,0.491865188419112
-0.03570700158485709,0.44200378354128594
-0.035707001584857095,0.38836121078098207
-0.035707001584857095,0.24718497854319665
-0.03570700158485708,0.050522135270653745
-0.03570700158485708,0.050522135270653745
-0.03570700158485708,0.050522135270653745
-0.03570700158485708,0.050522135270653745
-0.03570700158485708,0.050522135270653745
-0.03570700158485708,0.050522135270653745
-0.03570700158485708,0.055261953621431714
-0.03570700158485708,0.050522135270653745
-0.03570700158485708,0.050522135270653745
-0.03570700158485708,0.050522135270653745
-0.03570700158485708,0.050522135270653745
-0.0357070015848571,0.06910094720774895
-0.03570700158485708,0.050522135270653745
-0.03570700158485708,0.050522135270653745
-0.03570700158485708,0.050522135270653745
-0.03570700158485708,0.050522135270653745
-0.03570700158485708,0.050522135270653745
-0.03570700158485708,0.050522135270653745
-0.03570700158485708,0.050522135270653745
-0.03570700158485708,0.050522135270653745
-0.03570700158485708,0.050522135270653745
-0.03570700158485708,0.050522135270653745
-0.03570700158485708,0.050522135270653745
-0.03570700158485708,0.050522135270653745
-0.03570700158485708,0.050522135270653745
-0.03570700158485708,0.050522135270653745
-0.03570700158485708,0.050522135270653745
-0.03570700158485709,0.3884421087681885
-0.03570700158485709,0.4868955107527261
-0.03570700158485708,0.464692111071187
-0.03570700158485709,0.47842192382154564
-0.03570700158485708,0.36303758227162414
-0.035707001584857095,0.5689694523791838
-0.035707001584857095,0.5280961430576294
-0.035707001584857095,0.5620456971268402
-0.035707001584857095,0.46527774656359355
-0.035707001584857095,0.48180378433169047
-0.03570700158485709,0.41140948249088616
-0.03570700158485709,0.49180999880350346
-0.035707001584857095,0.5687444340178414
-0.035707001584857095,0.6038674466196411
-0.03570700158485709,0.5954222841399448
-0.03570700158485708,0.5021293362214161
-0.035707001584857095,0.5186631017634504
-0.035707001584857095,0.5320423720555119
-0.03570700158485709,0.38723593165036174
-0.03570700158485709,0.3515550113061017
-0.035707001584857095,0.426157992839531
-0.035707001584857095,0.5027675884540881
-0.035707001584857095,0.31213322303180613
-0.03570700158485709,0.19331845479480947
-0.03570700158485708,0.050522135270653745
-0.03570700158485708,0.050522135270653745
-0.03570700158485708,0.050522135270653745
-0.03570700158485708,0.050522135270653745
-0.03570700158485709,0.09072526665492708
-0.03570700158485708,0.09015883034591576
-0.035707001584857095,0.3172730517084885
-0.035707001584857095,0.2598871371352992
-0.03570700158485709,0.16347549007007423
-0.03570700158485708,0.050522135270653745
-0.03570700158485708,0.050522135270653745
-0.03570700158485708,0.050522135270653745
-0.03570700158485708,0.050522135270653745
-0.03570700158485708,0.050522135270653745
-0.03570700158485708,0.050522135270653745
-0.03570700158485708,0.050522135270653745
-0.03570700158485708,0.050522135270653745
-0.03570700158485708,0.050522135270653745
-0.03570700158485708,0.050522135270653745
-0.03570700158485708,0.050522135270653745
-0.03570700158485708,0.050522135270653745
-0.03570700158485708,0.050522135270653745
-0.03570700158485708,0.050522135270653745
-0.03570700158485708,0.050522135270653745
-0.03570700158485708,0.050522135270653745
-0.03570700158485708,0.12971307222307726
-0.03570700158485708,0.050522135270653745
-0.03570700158485708,0.050522135270653745
-0.03570700158485708,0.06580311472489564
-0.03570700158485708,0.050522135270653745
-0.03570700158485709,0.28704481303474627
-0.035707001584857095,0.40921317975318916
-0.03570700158485709,0.4260801752165297
-0.03570700158485708,0.10307615354331756
-0.03570700158485708,0.050522135270653745
-0.03570700158485708,0.050522135270653745
-0.03570700158485708,0.050522135270653745
-0.03570700158485708,0.050522135270653745
-0.03570700158485708,0.050522135270653745
-0.03570700158485708,0.050522135270653745
-0.03570700158485708,0.050522135270653745
-0.03570700158485708,0.050522135270653745
-0.03570700158485708,0.050522135270653745
-0.03570700158485708,0.050522135270653745
-0.03570700158485708,0.050522135270653745
-0.03570700158485708,0.050522135270653745
-0.03570700158485709,0.13922219860812657
-0.035707001584857095,0.38539320806265404
-0.035707001584857095,0.5977428479136973
-0.035707001584857095,0.8147889848139015
-0.035707001584857095,1.0375277739072866
-0.035707001584857095,0.9496758020142524
-0.035707001584857095,0.6994208248699758
-0.035707001584857095,0.8455362493907038
-0.035707001584857095,0.8089609389087286
-0.035707001584857095,0.7861087502315597
-0.035707001584857095,0.8571064948234595
-0.035707001584857095,1.0860324458335706
-0.035707001584857095,1.2713607996930616
-0.035707001584857095,1.0808713212359038
-0.035707001584857095,0.8441468370039541
-0.035707001584857095,0.7051224306797281
-0.035707001584857095,0.5935492048626525
-0.035707001584857095,0.5145656428322468
-0.035707001584857095,0.4712464977886802
-0.035707001584857095,0.0970394329960459
-0.03570700158485708,0.2843828300465169
-0.035707001584857095,0.19368255935562673
-0.0357070015848571,0.10367769168996599
-0.03570700158485708,0.09161620734182563
-0.03570700158485708,0.050522135270653745
-0.03570700158485708,0.050522135270653745
-0.03570700158485708,0.050522135270653745
-0.03570700158485708,0.050522135270653745
-0.03570700158485708,0.050522135270653745
-0.03570700158485708,0.050522135270653745
-0.03570700158485708,0.050522135270653745
-0.03570700158485708,0.050522135270653745
-0.03570700158485708,0.11408666432732917
-0.03570700158485708,0.050522135270653745
-0.03570700158485708,0.050522135270653745
-0.03570700158485708,0.050522135270653745
-0.03570700158485708,0.050522135270653745
-0.03570700158485708,0.050522135270653745
-0.03570700158485708,0.050522135270653745
-0.03570700158485708,0.050522135270653745
-0.035707001584857095,0.07880531904123078
-0.03570700158485708,0.050522135270653745
-0.03570700158485708,0.050522135270653745
-0.03570700158485708,0.050522135270653745
-0.03570700158485708,0.050522135270653745
-0.03570700158485708,0.050522135270653745
-0.03570700158485708,0.050522135270653745
-0.03570700158485708,0.050522135270653745
-0.03570700158485708,0.050522135270653745
-0.03570700158485708,0.050522135270653745
-0.03570700158485708,0.050522135270653745
-0.03570700158485708,0.050522135270653745
-0.03570700158485708,0.050522135270653745
-0.03570700158485708,0.050522135270653745
-0.03570700158485708,0.050522135270653745
-0.03570700158485708,0.10434818054843009
-0.03570700158485708,0.050522135270653745
-0.03570700158485708,0.050522135270653745
-0.03570700158485708,0.050522135270653745
-0.03570700158485708,0.050522135270653745
-0.03570700158485708,0.050522135270653745
-0.03570700158485708,0.050522135270653745
-0.03570700158485708,0.050522135270653745
-0.03570700158485708,0.050522135270653745
-0.03570700158485708,0.050522135270653745
-0.03570700158485708,0.050522135270653745
-0.03570700158485708,0.050522135270653745
-0.03570700158485708,0.050522135270653745
-0.03570700158485708,0.050522135270653745
-0.03570700158485708,0.050522135270653745
-0.03570700158485708,0.050522135270653745
-0.03570700158485708,0.050522135270653745
-0.03570700158485708,0.050522135270653745
-0.03570700158485708,0.050522135270653745
-0.03570700158485708,0.050522135270653745
-0.03570700158485708,0.050522135270653745
-0.03570700158485708,0.050522135270653745
-0.03570700158485708,0.050522135270653745
-0.03570700158485708,0.050522135270653745
-0.03570700158485708,0.050522135270653745
-0.03570700158485708,0.050522135270653745
-0.03570700158485708,0.050522135270653745
-0.03570700158485708,0.050522135270653745
-0.03570700158485708,0.050522135270653745
-0.03570700158485708,0.050522135270653745
-0.03570700158485708,0.050522135270653745
-0.03570700158485708,0.050522135270653745
-0.03570700158485708,0.050522135270653745
-0.03570700158485708,0.050522135270653745
-0.03570700158485708,0.050522135270653745
-0.03570700158485708,0.050522135270653745
-0.03570700158485708,0.050522135270653745
-0.03570700158485708,0.050522135270653745
-0.035707001584857095,0.08638654275774249
-0.03570700158485708,0.2624167872056111
-0.03570700158485709,0.4927019988313619
-0.035707001584857095,0.6995912158793983
-0.035707001584857095,0.9132950433709278
-0.035707001584857095,1.0736328341827819
-0.035707001584857095,0.7586984357105122
-0.035707001584857095,0.8344340066505231
-0.035707001584857095,1.0178121742561714
-0.035707001584857095,0.8920324015698098
-0.035707001584857095,0.8755707086316815
-0.035707001584857095,0.8441150561553644
-0.035707001584857095,0.8772876651107735
-0.035707001584857095,0.9467526372563887
-0.035707001584857095,0.7232936473812246
-0.035707001584857095,0.8455373656263098
-0.035707001584857095,0.8031294173926068
-0.035707001584857095,0.7493294459583899
-0.035707001584857095,0.4314986029030301
-0.035707001584857095,0.3110748865255163
-0.03570700158485708,0.26802398135288397
-0.03570700158485709,0.4192166815662564
-0.03570700158485709,0.10356115544231981
-0.03570700158485708,0.050522135270653745
-0.03570700158485708,0.050522135270653745
-0.03570700158485708,0.050522135270653745
-0.03570700158485708,0.050522135270653745
-0.03570700158485708,0.050522135270653745
-0.03570700158485708,0.050522135270653745
-0.03570700158485708,0.050522135270653745
-0.03570700158485708,0.050522135270653745
-0.03570700158485708,0.050522135270653745
-0.03570700158485708,0.050522135270653745
-0.03570700158485708,0.050522135270653745
-0.03570700158485708,0.050522135270653745
-0.03570700158485708,0.050522135270653745
-0.03570700158485708,0.050522135270653745
-0.035707001584857095,0.05124251737187169
-0.03570700158485708,0.050522135270653745
-0.03570700158485708,0.050522135270653745
-0.03570700158485708,0.050522135270653745
-0.03570700158485708,0.050522135270653745
-0.03570700158485708,0.050522135270653745
-0.03570700158485708,0.050522135270653745
-0.03570700158485708,0.050522135270653745
-0.03570700158485708,0.050522135270653745
-0.03570700158485708,0.050522135270653745
-0.03570700158485708,0.050522135270653745
-0.03570700158485708,0.050522135270653745
-0.03570700158485708,0.05123804741024107
-0.03570700158485708,0.06372133124950763
-0.0357070015848571,0.13098020456932113
-0.035707001584857095,0.3306313638336663
-0.035707001584857095,0.4236944384378075
-0.035707001584857095,0.4668330727990684
-0.035707001584857095,0.1784863812435986
-0.03570700158485708,0.050522135270653745
-0.035707001584857095,0.2488094212632861
-0.035707001584857095,0.42159389502726485
-0.03570700158485709,0.3954836649166316
-0.0357070015848571,0.1361952113402064
-0.03570700158485708,0.050522135270653745
-0.03570700158485708,0.050522135270653745
-0.03570700158485708,0.050522135270653745
-0.03570700158485708,0.050522135270653745
-0.035707001584857075,0.08586470249884226
-0.03570700158485708,0.050522135270653745
-0.035707001584857095,0.11834374195508124
-0.03570700158485708,0.10781741099315734
-0.03570700158485709,0.06475530090688497
-0.03570700158485708,0.050522135270653745
-0.03570700158485708,0.050522135270653745
-0.035707001584857075,0.05755499537914599
-0.035707001584857095,0.1708429823494393
-0.035707001584857095,0.21684769533084458
-0.035707001584857095,0.19007511842129232
-0.03570700158485709,0.3164527579331978
-0.035707001584857095,0.2922627078323877
-0.035707001584857095,0.38402260607583333
-0.03570700158485709,0.3578541630644069
-0.035707001584857095,0.36703107016517744
-0.035707001584857095,0.41223606654724576
-0.03570700158485708,0.41410405995201216
-0.035707001584857095,0.45034830097555956
-0.03570700158485709,0.522104954801404
-0.035707001584857095,0.43115435615947406
-0.03570700158485709,0.528033352767401
-0.03570700158485709,0.42635874759642595
-0.035707001584857095,0.3939033412152713
-0.03570700158485708,0.24665060941111228
-0.03570700158485708,0.17130907233228065
-0.03570700158485708,0.050522135270653745
-0.03570700158485708,0.050522135270653745
-0.03570700158485708,0.050522135270653745
-0.03570700158485708,0.050522135270653745
-0.03570700158485708,0.050522135270653745
-0.03570700158485708,0.050522135270653745
-0.03570700158485708,0.050522135270653745
-0.03570700158485708,0.050522135270653745
-0.03570700158485708,0.050522135270653745
-0.03570700158485708,0.050522135270653745
-0.03570700158485708,0.050522135270653745
-0.03570700158485708,0.050522135270653745
-0.03570700158485708,0.050522135270653745
-0.03570700158485708,0.050522135270653745
-0.03570700158485708,0.050522135270653745
-0.03570700158485708,0.050522135270653745
-0.03570700158485708,0.050522135270653745
-0.03570700158485708,0.050522135270653745
-0.03570700158485708,0.050522135270653745
-0.03570700158485708,0.050522135270653745
-0.03570700158485708,0.050522135270653745
-0.03570700158485708,0.050522135270653745
-0.03570700158485708,0.050522135270653745
-0.03570700158485708,0.050522135270653745
-0.03570700158485708,0.050522135270653745
-0.03570700158485708,0.1518218060367833
-0.03570700158485709,0.4025873485761086
-0.035707001584857095,0.6153144023621928
-0.035707001584857095,0.8245941462754469
-0.035707001584857095,1.028657082793381
-0.035707001584857095,1.2252609775918446
-0.035707001584857095,1.121256940073737
-0.035707001584857095,0.9929257626643827
-0.035707001584857095,0.511222095217772
-0.035707001584857095,0.13908768389485748
-0.0357070015848571,0.10320152302710173
-0.03570700158485708,0.050522135270653745
-0.03570700158485708,0.050522135270653745
-0.03570700158485708,0.050522135270653745
-0.03570700158485708,0.050522135270653745
-0.03570700158485708,0.050522135270653745
-0.03570700158485708,0.050522135270653745
-0.03570700158485708,0.050522135270653745
-0.03570700158485708,0.050522135270653745
-0.03570700158485708,0.050522135270653745
-0.03570700158485708,0.050522135270653745
-0.03570700158485708,0.050522135270653745
-0.03570700158485708,0.050522135270653745
-0.03570700158485708,0.050522135270653745
-0.03570700158485708,0.050522135270653745
-0.03570700158485708,0.050522135270653745
-0.03570700158485708,0.050522135270653745
-0.03570700158485708,0.050522135270653745
-0.035707001584857095,0.05191133862300501
-0.03570700158485708,0.08433544990544273
-0.03570700158485709,0.1635635909846146
-0.035707001584857095,0.35046280511204553
-0.03570700158485708,0.5385296753360307
-0.035707001584857095,0.45030678390365453
-0.035707001584857095,0.2298658627943153
-0.03570700158485709,0.07148753148240972
-0.03570700158485708,0.050522135270653745
-0.035707001584857095,0.06810565250576306
-0.035707001584857095,0.07648934545605846
-0.03570700158485708,0.050522135270653745
-0.035707001584857095,0.1756959853772181
-0.035707001584857075,0.3089394234020224
-0.03570700158485709,0.3193510093952867
-0.03570700158485708,0.3550950218014942
-0.035707001584857095,0.21583439783518787
-0.035707001584857095,0.2700955562887184
-0.03570700158485708,0.050522135270653745
-0.03570700158485708,0.050522135270653745
-0.03570700158485708,0.050522135270653745
-0.03570700158485708,0.050522135270653745
-0.03570700158485708,0.050522135270653745
-0.03570700158485708,0.050522135270653745
-0.03570700158485708,0.050522135270653745
-0.03570700158485708,0.050522135270653745
-0.03570700158485708,0.050522135270653745
-0.03570700158485708,0.050522135270653745
-0.03570700158485708,0.050522135270653745
-0.03570700158485708,0.050522135270653745
-0.03570700158485708,0.050522135270653745
-0.03570700158485708,0.050522135270653745
-0.03570700158485708,0.050522135270653745
-0.03570700158485708,0.050522135270653745
-0.035707001584857095,0.10721666077288938
-0.035707001584857095,0.0756828144608852
-0.03570700158485709,0.1018974787548722
-0.03570700158485708,0.050522135270653745
-0.03570700158485708,0.050522135270653745
-0.03570700158485708,0.050522135270653745
-0.03570700158485708,0.050522135270653745
-0.03570700158485708,0.050522135270653745
-0.03570700158485708,0.050522135270653745
-0.03570700158485708,0.050522135270653745
-0.03570700158485708,0.050522135270653745
-0.03570700158485708,0.050522135270653745
-0.03570700158485708,0.050522135270653745
-0.03570700158485708,0.050522135270653745
-0.03570700158485708,0.050522135270653745
-0.03570700158485708,0.050522135270653745
-0.03570700158485708,0.050522135270653745
-0.03570700158485708,0.050522135270653745
-0.03570700158485708,0.050522135270653745
-0.03570700158485708,0.050522135270653745
-0.03570700158485708,0.050522135270653745
-0.035707001584857075,0.07084592536886647
-0.03570700158485708,0.056643857716987434
-0.035707001584857095,0.05671347552648409
-0.03570700158485709,0.0567830629579561
-0.03570700158485709,0.05685261861101698
-0.03570700158485708,0.07453209428213936
-0.035707001584857095,0.13043627519629875
-0.035707001584857075,0.1353749980710396
-0.03570700158485708,0.15835836767260603
-0.035707001584857095,0.2161879981248589
-0.035707001584857095,0.3111211730427994
-0.035707001584857095,0.4261996430919019
-0.03570700158485708,0.22767311074753283
-0.03570700158485708,0.050522135270653745
-0.03570700158485708,0.050522135270653745
-0.03570700158485708,0.050522135270653745
-0.035707001584857095,0.30610743012134756
-0.035707001584857095,0.5348690276050782
-0.035707001584857095,0.8394391493467364
-0.035707001584857095,1.026366690046653
-0.035707001584857095,1.052608575635186
-0.035707001584857095,0.8527026115733236
-0.035707001584857095,0.6869756223564648
-0.035707001584857095,0.591112020975687
-0.035707001584857095,0.7596669055054428
-0.035707001584857095,0.7256298920053331
-0.035707001584857095,0.7167988812640762
-0.035707001584857095,0.6999822015957304
-0.035707001584857095,0.562206167997911
-0.03570700158485709,0.3776056275177311
-0.035707001584857095,0.36395974440148476
-0.03570700158485709,0.5214120320845097
-0.035707001584857095,0.5073392347360562
-0.035707001584857095,0.4895860145866455
-0.03570700158485709,0.46834462140992983
-0.03570700158485709,0.44384574014775335
-0.035707001584857095,0.5953177197197663
-0.035707001584857095,0.42828935226782644
-0.035707001584857095,0.5043859807865885
-0.035707001584857095,0.39943814561311414
-0.03570700158485709,0.39852002700740863
-0.03570700158485709,0.39688671438440604
-0.03570700158485709,0.2812749009225417
-0.03570700158485708,0.19946094294439787
-0.03570700158485708,0.22888580678656523
-0.03570700158485708,0.14648287088872303
-0.03570700158485709,0.333950074465712
-0.035707001584857095,0.295563722825711
-0.03570700158485708,0.1334942751749636
-0.035707001584857095,0.1757263312428644
-0.03570700158485708,0.050522135270653745
-0.03570700158485708,0.050522135270653745
-0.03570700158485708,0.050522135270653745
-0.03570700158485708,0.050522135270653745
-0.03570700158485708,0.050522135270653745
-0.03570700158485708,0.050522135270653745
-0.03570700158485708,0.050522135270653745
-0.03570700158485708,0.050522135270653745
-0.03570700158485708,0.050522135270653745
-0.03570700158485708,0.050522135270653745
-0.03570700158485708,0.050522135270653745
-0.03570700158485708,0.050522135270653745
-0.03570700158485708,0.050522135270653745
-0.03570700158485708,0.050522135270653745
-0.03570700158485708,0.050522135270653745
-0.03570700158485708,0.050522135270653745
-0.03570700158485708,0.050522135270653745
-0.03570700158485708,0.050522135270653745
-0.03570700158485708,0.050522135270653745
-0.03570700158485708,0.050522135270653745
-0.03570700158485708,0.050522135270653745
-0.03570700158485708,0.050522135270653745
-0.03570700158485708,0.050522135270653745
-0.03570700158485708,0.050522135270653745
-0.03570700158485708,0.050522135270653745
-0.03570700158485708,0.050522135270653745
-0.03570700158485708,0.050522135270653745
-0.03570700158485708,0.050522135270653745
-0.03570700158485708,0.050522135270653745
-0.03570700158485708,0.050522135270653745
-0.03570700158485708,0.050522135270653745
-0.03570700158485708,0.050522135270653745
-0.03570700158485708,0.050522135270653745
-0.03570700158485708,0.050522135270653745
-0.03570700158485708,0.050522135270653745
-0.03570700158485708,0.050522135270653745
-0.0357070015848571,0.06631990979391722
-0.03570700158485708,0.22463454189265253
-0.035707001584857095,0.34524329098119566
-0.035707001584857095,0.4675493757178933
-0.03570700158485708,0.254084812513812
-0.035707001584857095,0.3102314222911259
-0.035707001584857095,0.2993131843462794
-0.03570700158485709,0.2801194208384986
-0.03570700158485709,0.22576799810140302
-0.03570700158485708,0.1341946827548235
-0.03570700158485708,0.22046662666537253
-0.035707001584857095,0.12481806466709555
-0.03570700158485708,0.050522135270653745
-0.035707001584857095,0.08761796009797762
-0.03570700158485708,0.050522135270653745
-0.03570700158485708,0.050522135270653745
-0.03570700158485708,0.050522135270653745
-0.03570700158485708,0.050522135270653745
-0.03570700158485708,0.050522135270653745
-0.03570700158485708,0.050522135270653745
-0.03570700158485708,0.050522135270653745
-0.03570700158485708,0.050522135270653745
-0.03570700158485708,0.050522135270653745
-0.03570700158485708,0.050522135270653745
-0.03570700158485708,0.050522135270653745
-0.03570700158485708,0.050522135270653745
-0.03570700158485708,0.050522135270653745
-0.03570700158485708,0.050522135270653745
-0.03570700158485708,0.050522135270653745
-0.03570700158485708,0.050522135270653745
-0.03570700158485708,0.050522135270653745
-0.03570700158485708,0.050522135270653745
-0.03570700158485708,0.050522135270653745
-0.03570700158485708,0.050522135270653745
-0.03570700158485708,0.050522135270653745
-0.03570700158485708,0.050522135270653745
-0.03570700158485708,0.050522135270653745
-0.03570700158485708,0.050522135270653745
-0.03570700158485708,0.050522135270653745
-0.03570700158485708,0.050522135270653745
-0.03570700158485708,0.050522135270653745
-0.03570700158485708,0.050522135270653745
-0.03570700158485708,0.050522135270653745
-0.03570700158485708,0.050522135270653745
-0.03570700158485708,0.050522135270653745
-0.03570700158485708,0.050522135270653745
-0.03570700158485708,0.050522135270653745
-0.03570700158485708,0.050522135270653745
-0.03570700158485708,0.050522135270653745
-0.03570700158485708,0.050522135270653745
-0.03570700158485708,0.050522135270653745
-0.03570700158485708,0.050522135270653745
-0.035707001584857095,0.21699776288666195
-0.03570700158485709,0.37172389772639625
-0.03570700158485709,0.49880628768217594
-0.035707001584857095,0.6909203759579184
-0.035707001584857095,0.8384880388687845
-0.035707001584857095,0.9493620782336645
-0.035707001584857095,0.4417717244781438
-0.035707001584857095,0.577720203017523
-0.035707001584857095,1.2034572321845218
-0.035707001584857095,0.7796820192807971
-0.035707001584857095,0.7209811835884095
-0.035707001584857095,0.5411955161449448
-0.03570700158485709,0.38054185866766826
-0.035707001584857095,0.31238865402395455
-0.035707001584857095,0.3042578798522615
-0.035707001584857095,0.3239310650953712
-0.035707001584857095,0.28195397913206377
-0.03570700158485708,0.050522135270653745
-0.03570700158485708,0.050522135270653745
-0.035707001584857095,0.33361473200211544
-0.035707001584857095,0.397093092818007
-0.035707001584857095,0.3953399605538848
-0.03570700158485709,0.44202104252966473
-0.035707001584857095,0.6029368630461825
-0.035707001584857095,0.896419559865583
-0.035707001584857095,0.9630059313493091
-0.035707001584857095,0.8746425775280402
-0.03570700158485709,0.39255101466804576
-0.03570700158485708,0.22670653462486068
-0.03570700158485708,0.22404040624885768
-0.03570700158485708,0.050522135270653745
-0.03570700158485708,0.050522135270653745
-0.03570700158485708,0.050522135270653745
-0.03570700158485708,0.050522135270653745
-0.03570700158485708,0.09289750594317847
-0.03570700158485709,0.5574951602342755
-0.035707001584857095,0.6492237034343709
-0.035707001584857095,0.5821959905215519
-0.03570700158485709,0.5232578442279152
-0.035707001584857095,0.3029863957921938
-0.03570700158485708,0.06398930485795895
-0.03570700158485708,0.050522135270653745
-0.03570700158485708,0.050522135270653745
-0.03570700158485708,0.050522135270653745
-0.03570700158485708,0.050522135270653745
-0.03570700158485708,0.050522135270653745
-0.03570700158485708,0.050522135270653745
-0.03570700158485708,0.050522135270653745
-0.03570700158485708,0.050522135270653745
-0.03570700158485708,0.050522135270653745
-0.03570700158485708,0.050522135270653745
-0.03570700158485708,0.050522135270653745
-0.03570700158485708,0.050522135270653745
-0.03570700158485708,0.050522135270653745
-0.03570700158485708,0.050522135270653745
-0.03570700158485708,0.050522135270653745
-0.0357070015848571,0.09788466632372317
-0.035707001584857095,0.2138062066916151
-0.03570700158485708,0.050522135270653745
-0.03570700158485708,0.050522135270653745
-0.03570700158485709,0.27346719414438825
-0.03570700158485709,0.4051814785764894
-0.035707001584857095,0.5482846336923524
-0.035707001584857095,0.7488871551081098
-0.035707001584857095,0.657572366552432
-0.035707001584857095,0.6406637865671811
-0.035707001584857095,0.6154218529269039
-0.035707001584857095,0.6718748796930798
-0.035707001584857095,0.7237364210735189
-0.035707001584857095,0.6305156175772102
-0.03570700158485708,0.5694950889164612
-0.035707001584857095,0.632964446753898
-0.035707001584857095,0.6443624454700034
-0.035707001584857095,0.7382231145275853
-0.035707001584857095,0.8759272479844862
-0.03570700158485709,0.5048546418747821
-0.03570700158485709,0.43361013070717447
-0.03570700158485709,0.4427972777156099
-0.035707001584857095,0.7102479509471815
-0.035707001584857095,0.7659609881633956
-0.035707001584857095,0.682190291406687
-0.035707001584857095,0.5422343329150519
-0.03570700158485709,0.43871772301155515
-0.03570700158485709,0.2851676572079367
-0.03570700158485708,0.050522135270653745
-0.03570700158485708,0.050522135270653745
-0.035707001584857095,0.17410021323387492
-0.03570700158485708,0.2003185138242235
-0.035707001584857095,0.23033351873957641
-0.03570700158485708,0.17535139481074646
-0.035707001584857095,0.1687612306473898
-0.03570700158485708,0.050522135270653745
-0.03570700158485708,0.050522135270653745
-0.03570700158485708,0.050522135270653745
-0.03570700158485708,0.050522135270653745
-0.03570700158485708,0.050522135270653745
-0.03570700158485708,0.050522135270653745
-0.03570700158485708,0.050522135270653745
-0.03570700158485708,0.050522135270653745
-0.03570700158485708,0.050522135270653745
-0.03570700158485708,0.050522135270653745
-0.03570700158485708,0.050522135270653745
-0.03570700158485708,0.050522135270653745
-0.03570700158485708,0.050522135270653745
-0.03570700158485708,0.050522135270653745
-0.03570700158485708,0.050522135270653745
-0.03570700158485708,0.050522135270653745
-0.03570700158485708,0.050522135270653745
-0.03570700158485708,0.050522135270653745
-0.03570700158485708,0.050522135270653745
-0.03570700158485708,0.050522135270653745
-0.03570700158485708,0.050522135270653745
-0.03570700158485708,0.050522135270653745
-0.03570700158485708,0.050522135270653745
-0.03570700158485708,0.050522135270653745
-0.03570700158485708,0.050522135270653745
-0.03570700158485708,0.050522135270653745
-0.03570700158485708,0.050522135270653745
-0.03570700158485708,0.050522135270653745
-0.03570700158485708,0.050522135270653745
-0.03570700158485708,0.050522135270653745
-0.03570700158485708,0.050522135270653745
-0.03570700158485708,0.050522135270653745
-0.03570700158485708,0.050522135270653745
-0.03570700158485708,0.050522135270653745
-0.03570700158485708,0.050522135270653745
-0.03570700158485708,0.050522135270653745
-0.03570700158485708,0.050522135270653745
-0.03570700158485708,0.050522135270653745
-0.03570700158485708,0.050522135270653745
-0.03570700158485708,0.050522135270653745
-0.03570700158485708,0.050522135270653745
-0.03570700158485708,0.050522135270653745
-0.03570700158485708,0.050522135270653745
-0.03570700158485708,0.050522135270653745
-0.03570700158485708,0.050522135270653745
-0.03570700158485708,0.050522135270653745
-0.03570700158485708,0.050522135270653745
-0.03570700158485708,0.050522135270653745
-0.03570700158485708,0.050522135270653745
-0.03570700158485708,0.050522135270653745
-0.03570700158485708,0.050522135270653745
-0.03570700158485708,0.050522135270653745
-0.035707001584857095,0.17345490104133365
-0.035707001584857095,0.29774741572873886
-0.035707001584857095,0.42470265249331407
-0.035707001584857095,0.5559826107908246
-0.035707001584857095,0.6937305401369472
-0.035707001584857095,0.8406570414842571
-0.035707001584857095,0.6760861084003642
-0.035707001584857095,0.663721575567106
-0.03570700158485709,0.5199081608649975
-0.035707001584857095,0.23479474012927437
-0.03570700158485708,0.050522135270653745
-0.03570700158485708,0.050522135270653745
-0.03570700158485708,0.050522135270653745
-0.035707001584857095,0.2856781216925697
-0.03570700158485708,0.2961741735062682
-0.035707001584857095,0.34288557265658526
-0.035707001584857095,0.46641348347566164
-0.035707001584857095,0.9268534882308787
-0.03570700158485709,0.15186579035403802
-0.03570700158485708,0.050522135270653745
-0.03570700158485708,0.050522135270653745
-0.03570700158485708,0.050522135270653745
-0.03570700158485708,0.050522135270653745
-0.03570700158485708,0.242710509381996
-0.035707001584857095,0.6260618890238644
-0.035707001584857095,0.5460590657193066
-0.035707001584857095,0.8505589011615058
-0.035707001584857095,1.202329531434779
-0.035707001584857095,1.3650088414473762
-0.035707001584857095,1.7151335577660665
-0.035707001584857075,2.083039617488144
-0.035707001584857095,2.1743908946330337
-0.035707001584857095,2.1613359113867685
-0.03570700158485709,1.3245789962358108
-0.03570700158485708,1.8310191878348157
-0.035707001584857095,1.335944378131749
-0.03570700158485708,1.5221264171296736
-0.035707001584857095,1.324903983276442
-0.035707001584857095,1.3650938765118903
-0.035707001584857095,0.788797980664916
-0.035707001584857095,0.5936114128886205
-0.035707001584857095,0.40210261857810414
-0.03570700158485708,0.050522135270653745
-0.03570700158485708,0.050522135270653745
-0.03570700158485708,0.050522135270653745
-0.03570700158485708,0.050522135270653745
-0.03570700158485708,0.050522135270653745
-0.03570700158485708,0.050522135270653745
-0.03570700158485708,0.050522135270653745
-0.03570700158485708,0.050522135270653745
-0.03570700158485709,0.09226942467211319
-0.035707001584857095,0.23151805080609755
-0.035707001584857095,0.5946689737463775
-0.035707001584857095,0.83724131364695
-0.035707001584857095,1.0159147603263716
-0.035707001584857095,1.0433000331203466
-0.035707001584857095,1.2710056462687847
-0.03570700158485708,1.4819719899492994
-0.03570700158485708,1.4396744281875664
-0.035707001584857095,1.5822931811608165
-0.035707001584857095,1.7670382501660085
-0.035707001584857095,1.9986701281762973
-0.035707001584857095,1.8772782828907433
-0.035707001584857095,1.458394987478738
-0.035707001584857095,1.1463297800184251
-0.035707001584857095,0.7995756616799061
-0.035707001584857095,0.4339932236790166
-0.035707001584857095,0.06686136393183995
-0.035707001584857095,0.10278700464197066
-0.03570700158485709,0.08287228609017261
-0.03570700158485708,0.050522135270653745
-0.03570700158485708,0.050522135270653745
-0.03570700158485708,0.050522135270653745
-0.03570700158485708,0.050522135270653745
-0.03570700158485708,0.050522135270653745
-0.03570700158485708,0.050522135270653745
-0.03570700158485708,0.050522135270653745
-0.035707001584857095,0.1005329756959592
-0.035707001584857095,0.14848320411188198
-0.035707001584857095,0.5317412836795516
-0.035707001584857095,0.7509102979066284
-0.035707001584857095,0.9532727637585873
-0.03570700158485709,1.12597129717264
-0.035707001584857095,1.2581070117229178
-0.035707001584857095,1.257915419583533
-0.035707001584857095,1.1187015517704793
-0.035707001584857095,1.0860951810445798
-0.035707001584857095,0.6793153758261181
-0.035707001584857095,0.7079217848306221
-0.035707001584857095,0.6242093584051412
-0.035707001584857095,0.5945319063643228
-0.035707001584857095,0.3176673803091119
-0.035707001584857095,0.2691872171947951
-0.035707001584857095,0.3831382868449429
-0.03570700158485708,0.050522135270653745
-0.03570700158485708,0.050522135270653745
-0.03570700158485708,0.050522135270653745
-0.03570700158485708,0.050522135270653745
-0.03570700158485708,0.050522135270653745
-0.03570700158485708,0.050522135270653745
-0.03570700158485708,0.050522135270653745
-0.03570700158485708,0.050522135270653745
-0.03570700158485709,0.17365238298321484
-0.03570700158485708,0.050522135270653745
-0.03570700158485708,0.2176010715622061
-0.035707001584857095,0.3283909895737517
-0.035707001584857095,0.5084035259255898
-0.035707001584857095,0.9011005582532231
-0.03570700158485709,1.1293396410312726
-0.03570700158485708,1.33307469504188
-0.03570700158485708,1.5059605872061783
-0.035707001584857095,1.642570030709606
-0.035707001584857095,1.658655377182654
-0.035707001584857095,1.6266124150010586
-0.035707001584857095,1.8724596967709024
-0.03570700158485708,1.4319560708965628
-0.035707001584857095,1.020471846603248
-0.035707001584857095,0.9832231589115878
-0.03570700158485709,0.44560455483846645
-0.03570700158485708,0.06951996467231858
-0.03570700158485708,0.050522135270653745
-0.03570700158485708,0.050522135270653745
-0.03570700158485708,0.050522135270653745
-0.03570700158485708,0.050522135270653745
-0.03570700158485708,0.050522135270653745
-0.03570700158485708,0.050522135270653745
-0.03570700158485708,0.050522135270653745
-0.03570700158485708,0.050522135270653745
-0.03570700158485708,0.050522135270653745
-0.03570700158485708,0.050522135270653745
-0.035707001584857095,0.24887577578816278
-0.035707001584857095,0.2767953916352942
-0.03570700158485708,0.23228626251746765
-0.035707001584857095,0.6085682138925292
-0.035707001584857095,0.8306218156086211
-0.035707001584857095,0.9608724599471757
-0.035707001584857095,0.7726153500545228
-0.035707001584857095,0.762028853721943
-0.035707001584857095,0.786539824961394
-0.035707001584857095,0.4995063878731765
-0.03570700158485709,0.32240416384363135
-0.03570700158485708,0.2552343595124247
-0.035707001584857095,0.10627628859624194
-0.03570700158485708,0.050522135270653745
-0.03570700158485708,0.050522135270653745
-0.03570700158485708,0.050522135270653745
-0.03570700158485708,0.050522135270653745
-0.03570700158485708,0.050522135270653745
-0.03570700158485708,0.050522135270653745
-0.03570700158485708,0.050522135270653745
-0.03570700158485708,0.050522135270653745
-0.03570700158485708,0.050522135270653745
-0.03570700158485708,0.050522135270653745
-0.03570700158485708,0.050522135270653745
-0.03570700158485708,0.050522135270653745
-0.03570700158485708,0.050522135270653745
-0.03570700158485708,0.050522135270653745
-0.03570700158485708,0.050522135270653745
-0.03570700158485708,0.050522135270653745
-0.03570700158485708,0.050522135270653745
-0.03570700158485708,0.050522135270653745
-0.03570700158485708,0.050522135270653745
-0.03570700158485708,0.050522135270653745
-0.03570700158485708,0.050522135270653745
-0.03570700158485708,0.050522135270653745
-0.03570700158485708,0.050522135270653745
-0.03570700158485708,0.050522135270653745
-0.03570700158485708,0.050522135270653745
-0.03570700158485708,0.050522135270653745
-0.03570700158485708,0.050522135270653745
-0.03570700158485708,0.050522135270653745
-0.03570700158485708,0.050522135270653745
-0.03570700158485708,0.050522135270653745
-0.03570700158485708,0.050522135270653745
-0.03570700158485708,0.050522135270653745
-0.03570700158485708,0.050522135270653745
-0.03570700158485708,0.050522135270653745
-0.03570700158485708,0.050522135270653745
-0.03570700158485708,0.050522135270653745
-0.03570700158485708,0.050522135270653745
-0.03570700158485708,0.050522135270653745
-0.03570700158485708,0.050522135270653745
-0.03570700158485708,0.050522135270653745
-0.035707001584857095,0.05574186220975119
-0.035707001584857095,0.21481159009128936
-0.03570700158485709,0.3432266206859127
-0.03570700158485709,0.47546098358575706
-0.035707001584857095,0.6135301186599509
-0.035707001584857095,0.7021436739336452
-0.035707001584857095,0.7113126864739492
-0.035707001584857095,0.7591982344956464
-0.03570700158485709,0.39116998458386765
-0.035707001584857095,0.5617590543034545
-0.035707001584857095,0.6002542807317397
-0.035707001584857095,0.727145947622047
-0.035707001584857095,1.0098293670628444
-0.035707001584857095,0.6195846084754302
-0.035707001584857095,0.7046962589225578
-0.035707001584857095,0.6471938932713545
-0.035707001584857095,0.822821682122803
-0.035707001584857095,0.9563205906873982
-0.035707001584857095,1.0924335474674423
-0.035707001584857095,0.7520537650753983
-0.035707001584857095,0.8997660680444568
-0.035707001584857095,0.7275833944146708
-0.035707001584857095,0.638892865988391
-0.035707001584857095,0.8940260676593578
-0.03570700158485709,1.2094561214035147
-0.035707001584857095,1.048555400407228
-0.035707001584857095,0.7537305663658229
-0.035707001584857095,0.7031455182779957
-0.035707001584857095,0.6411976897079029
-0.035707001584857095,0.5694723984878081
-0.035707001584857095,0.48981427871816413
-0.035707001584857095,0.4567896000016093
-0.035707001584857095,0.4736199087303731
-0.035707001584857095,0.277794033034648
-0.035707001584857095,0.08158928052439085
-0.03570700158485708,0.050522135270653745
-0.03570700158485708,0.050522135270653745
-0.03570700158485708,0.050522135270653745
-0.03570700158485708,0.050522135270653745
-0.03570700158485708,0.050522135270653745
-0.03570700158485708,0.050522135270653745
-0.03570700158485708,0.050522135270653745
-0.03570700158485708,0.050522135270653745
-0.03570700158485708,0.050522135270653745
-0.03570700158485708,0.050522135270653745
-0.03570700158485708,0.050522135270653745
-0.03570700158485708,0.050522135270653745
-0.03570700158485708,0.050522135270653745
-0.03570700158485708,0.050522135270653745
-0.03570700158485708,0.050522135270653745
-0.03570700158485708,0.050522135270653745
-0.03570700158485708,0.050522135270653745
-0.03570700158485708,0.050522135270653745
-0.03570700158485708,0.050522135270653745
-0.03570700158485708,0.050522135270653745
-0.03570700158485708,0.050522135270653745
-0.035707001584857095,0.11901174003141479
-0.035707001584857095,0.2654260273343495
-0.03570700158485709,0.3871965167507523
-0.03570700158485709,0.5114212010584696
-0.035707001584857095,0.6397320173298335
-0.035707001584857095,0.7743987323230442
-0.035707001584857095,0.9184191358136976
-0.035707001584857095,0.7962929870393685
-0.035707001584857095,0.11348982753822379
-0.035707001584857095,0.6693791107681036
-0.035707001584857095,0.5873359716791933
-0.035707001584857095,0.4486451122710898
-0.03570700158485709,0.12264878696711834
-0.03570700158485709,0.09782788082770855
-0.03570700158485708,0.07342228869275835
-0.03570700158485709,0.09059064041868004
-0.035707001584857095,0.10517319857349516
-0.03570700158485708,0.050522135270653745
-0.03570700158485708,0.050522135270653745
-0.03570700158485708,0.050522135270653745
-0.03570700158485708,0.050522135270653745
-0.03570700158485708,0.050522135270653745
-0.03570700158485708,0.050522135270653745
-0.03570700158485708,0.050522135270653745
-0.03570700158485708,0.050522135270653745
-0.03570700158485708,0.050522135270653745
-0.03570700158485708,0.050522135270653745
-0.03570700158485708,0.050522135270653745
-0.03570700158485708,0.050522135270653745
-0.03570700158485708,0.050522135270653745
-0.03570700158485708,0.050522135270653745
-0.03570700158485708,0.050522135270653745
-0.03570700158485708,0.050522135270653745
-0.03570700158485708,0.050522135270653745
-0.03570700158485708,0.050522135270653745
-0.03570700158485708,0.050522135270653745
-0.03570700158485708,0.050522135270653745
-0.03570700158485708,0.050522135270653745
-0.03570700158485708,0.050522135270653745
-0.03570700158485708,0.050522135270653745
-0.03570700158485708,0.050522135270653745
-0.03570700158485708,0.050522135270653745
-0.03570700158485708,0.050522135270653745
-0.03570700158485708,0.050522135270653745
-0.03570700158485708,0.050522135270653745
-0.035707001584857095,0.26019646977041766
-0.03570700158485708,0.4720488679105498
-0.035707001584857095,0.6875688881070936
-0.035707001584857095,0.9079163223728165
-0.03570700158485709,1.1337518326035612
-0.03570700158485709,1.3650425320707296
-0.035707001584857095,1.600847314869862
-0.035707001584857095,1.8390969223859441
-0.035707001584857095,1.1897766526415394
-0.03570700158485709,1.2044909162316921
-0.03570700158485708,1.7902997210560168
-0.035707001584857095,1.4325483768344798
-0.035707001584857095,0.9958450962008358
-0.03570700158485709,1.2851182314843976
-0.035707001584857095,0.7888819900816043
-0.035707001584857095,0.834106878340909
-0.035707001584857095,0.7679246856800349
-0.03570700158485709,0.3730509613094562
-0.035707001584857095,0.38819262894547585
-0.035707001584857095,0.2979408075246174
-0.035707001584857095,0.05200350643863494
-0.03570700158485708,0.050522135270653745
-0.03570700158485708,0.1404453413362876
-0.03570700158485708,0.050522135270653745
-0.03570700158485708,0.050522135270653745
-0.03570700158485708,0.050522135270653745
-0.03570700158485708,0.050522135270653745
-0.03570700158485708,0.050522135270653745
-0.03570700158485708,0.050522135270653745
-0.03570700158485708,0.050522135270653745
-0.03570700158485708,0.050522135270653745
-0.03570700158485708,0.050522135270653745
-0.03570700158485708,0.050522135270653745
-0.03570700158485708,0.050522135270653745
-0.03570700158485708,0.050522135270653745
-0.03570700158485708,0.050522135270653745
-0.03570700158485708,0.18802472340280674
-0.03570700158485708,0.050522135270653745
-0.035707001584857095,0.10058811204997087
-0.03570700158485709,0.2860467918689975
-0.035707001584857095,0.3708493471645908
-0.035707001584857095,0.35026383011958845
-0.035707001584857095,0.42350848506324407
-0.035707001584857095,0.5400015902763426
-0.035707001584857095,0.1505247722085975
-0.03570700158485708,0.050522135270653745
-0.03570700158485708,0.050522135270653745
-0.03570700158485708,0.050522135270653745
-0.03570700158485708,0.050522135270653745
-0.03570700158485708,0.050522135270653745
-0.03570700158485708,0.050522135270653745
-0.03570700158485708,0.050522135270653745
-0.03570700158485708,0.050522135270653745
-0.03570700158485708,0.050522135270653745
-0.03570700158485708,0.050522135270653745
-0.03570700158485708,0.050522135270653745
-0.03570700158485708,0.050522135270653745
-0.03570700158485708,0.050522135270653745
