We (rad/s),Te (Nm),Fuel Consumption (g/s)
0,0,0
0,0,0
0,0,0
0,0,0
0,0,0
0,0,0
0,0,0
0,0,0
0,0,0
0,0,0
0,0,0
0,0,0
0,0,0
0,0,0
0,0,0
0,0,0
0,0,0
0,0,0
0,0,0
0,0,0
0,0,0
0,0,0
105.662232915737,69.0663564938175,0.375291546348949
138.54423602331,82.8284996135734,0.554871858140598
175.929188601028,86.1972036920005,0.718581219746852
204.203522483337,88.8706225371361,0.849762042392869
105.662232915737,67.996132938965,0.371124198955073
130.480814879096,81.9506996163631,0.519991994858987
266.302337269295,93.1996262111547,1.14657537971355
183.887889990123,86.8219666033942,0.75399942001134
173.834793498635,86.04900043027,0.709429937427267
132.26105071613,82.1844977194644,0.527856587683462
105.662232915737,67.6336393821222,0.369712683975277
105.452793405497,55.6151339826595,0.322002995194095
105.452793405497,58.8936171718436,0.334950211667997
105.662232915737,68.919795603013,0.374720852363034
105.557513160617,62.6932484699156,0.350150575527007
0,0,0
0,0,0
110.89822067172,78.2310792719781,0.430202870736379
128.700579042062,81.6431312784492,0.51175211820998
131.004413654694,82.07070210907,0.522561571025665
145.979338636806,83.6101838141532,0.587328261856742
188.076680194909,87.2286243379248,0.773379963272407
255.41148273685,92.46450591525,1.09246222199979
279.182867149013,94.0367039446409,1.21201114378175
271.643044780397,93.5314725002106,1.17345414549964
166.923289660738,85.5119075955697,0.679095972384036
126.29202467431,81.1474360101218,0.500297922540999
128.386419776703,81.5444777017578,0.5100921646726
0,0,0
0,0,0
0,0,0
0,0,0
105.348073650378,51.8430906835812,0.306824378976923
193.626827216251,87.8309596484419,0.799714702637304
220.853963547362,90.1369797871267,0.927490939719206
214.047179464585,89.6760588780563,0.895914371202958
206.19319783061,89.0461251413993,0.859113460335828
155.508836352695,84.5834043049068,0.629385590657988
105.557513160617,64.4724951596725,0.357071967615518
105.243353895258,45.3555011617735,0.281203798498651
0,0,0
0,0,0
0,0,0
0,0,0
0,0,0
0,0,0
0,0,0
0,0,0
0,0,0
0,0,0
0,0,0
0,0,0
0,0,0
0,0,0
0,0,0
0,0,0
0,0,0
0,0,0
0,0,0
0,0,0
105.452793405497,58.4238128136105,0.333094884562312
133.308248267327,82.3041464217681,0.532399074731396
107.966067528369,77.6688065121122,0.417200442904704
105.766952670856,74.8473736802472,0.398174240307827
105.662232915737,70.2892582351749,0.380053407888722
117.07668622378,79.389013167866,0.457883600838409
135.612082879959,82.5422882816522,0.54229945020805
118.123883774976,79.6317279975888,0.462829909499188
110.479341651241,78.1646630525197,0.428394561893128
136.973439696515,82.6986602343635,0.548247580442117
150.587007862071,84.1073605132865,0.607726464025949
186.505883868114,87.110340271188,0.766336261833658
231.011779793969,90.8195836823917,0.975009257197209
146.712376922643,83.685856875095,0.590543703834294
138.334796513071,82.8295378362512,0.554081317321515
151.634205413267,84.2201283098602,0.612384550556595
230.592900773491,90.7942319756864,0.973063516602828
253.840686410055,92.3477752907725,1.08469091075254
243.368710898089,91.6521277661693,1.03398332597602
217.607651138653,89.9345785281586,0.912543614808896
199.491133502952,88.3865896485491,0.827207250719111
165.561932844182,85.4235322058451,0.673261863155799
105.766952670856,74.4795407504059,0.396740403193896
105.348073650378,48.4778546001083,0.293558015826133
142.209427452498,83.1942887018629,0.570715855521386
150.587007862071,84.0816239764208,0.607583697525838
159.069308026763,84.8812168219476,0.644857724635869
143.151905248575,83.3246196483568,0.57499722466221
138.64895577843,82.8751624153124,0.555508225092127
105.662232915737,68.538506252092,0.373236148372295
0,0,0
0,0,0
0,0,0
0,0,0
0,0,0
0,0,0
0,0,0
0,0,0
0,0,0
0,0,0
0,0,0
0,0,0
0,0,0
0,0,0
0,0,0
0,0,0
0,0,0
0,0,0
0,0,0
0,0,0
0,0,0
0,0,0
0,0,0
0,0,0
0,0,0
0,0,0
0,0,0
0,0,0
0,0,0
0,0,0
0,0,0
0,0,0
0,0,0
0,0,0
0,0,0
0,0,0
0,0,0
0,0,0
0,0,0
0,0,0
0,0,0
0,0,0
0,0,0
0,0,0
0,0,0
0,0,0
0,0,0
0,0,0
0,0,0
0,0,0
0,0,0
0,0,0
0,0,0
105.348073650378,52.6431726358379,0.309980877003866
113.097335529233,78.6590536632571,0.440060747146171
146.921816432883,83.667079725434,0.591244472754348
181.68877513261,86.6438723432481,0.744133390715724
145.665179371447,83.5646135156539,0.585880942105326
137.392318716994,82.6818996118957,0.549752380781263
105.557513160617,67.4801269200691,0.36877186217843
0,0,0
0,0,0
0,0,0
0,0,0
0,0,0
0,0,0
0,0,0
0,0,0
174.567831784473,86.0869752297047,0.712539429143763
0,0,0
0,0,0
0,0,0
0,0,0
0,0,0
0,0,0
130.899693899575,82.0648806538399,0.522138463894487
114.982291121386,79.0401583555829,0.44862616741657
190.171075297302,87.4690555421,0.783381866266918
268.710891637047,93.3623204585781,1.15881186211189
309.132717113236,96.0902172898445,1.37338582927542
384.321501289151,100.639333498273,1.84007594016853
418.879020478639,115.986923064567,2.28907151860521
418.879020478639,126.496991581269,2.45248902135396
418.879020478639,131.622220012323,2.53284352219815
370.289054103117,100.093146530462,1.74643763760917
418.879020478639,123.107635666607,2.39934992592248
408.092885701314,101.56031332019,1.99992412507535
418.879020478639,114.850876934182,2.27154304545284
418.879020478639,107.443751313094,2.15727062297924
418.879020478639,113.68044339785,2.25348399637947
342.957198016886,98.3565297789679,1.57162422732786
302.116493520218,95.5817838128977,1.33438702290062
253.631246899816,92.3470616516835,1.08379678666201
105.452793405497,58.4898063912385,0.333355502990449
0,0,0
0,0,0
0,0,0
0,0,0
0,0,0
0,0,0
0,0,0
0,0,0
0,0,0
0,0,0
105.557513160617,63.0968025445156,0.351720428653784
130.376095123976,81.9129288591293,0.519411583112606
137.706477982353,82.716873687305,0.551121958252251
205.460159544772,88.9504478757507,0.855426742908951
271.538325025278,93.5232240835244,1.17290812793647
281.696141271885,94.2404162474559,1.2252993290112
339.082567077458,98.0864240525574,1.54757470928273
409.24480300763,101.606210544961,2.00773008709974
418.879020478639,122.940777534006,2.39673388604498
418.879020478639,125.225670771998,2.43255696360941
418.879020478639,108.621576162474,2.1754340641996
403.380496720929,101.366333220892,1.96793878248831
350.287580875262,98.8547535294622,1.61796639187852
284.628294415235,94.4145411071047,1.24017366128762
202.213847136063,88.6241111893888,0.839899353723963
213.104701668508,89.6252929278861,0.891665035323574
200.852490319507,88.4993603089477,0.833502267985209
166.29497113002,85.4586690537354,0.676324694681074
132.156330961011,82.195313426754,0.52751383759416
0,0,0
0,0,0
0,0,0
0,0,0
0,0,0
0,0,0
0,0,0
0,0,0
0,0,0
105.557513160617,61.2017974986289,0.344348728592293
151.005886882549,84.1153771358871,0.609382342307813
211.010306566114,89.466934310745,0.88187547930551
243.682870163448,91.6486131051057,1.03527414080416
246.615023306799,91.8518438680236,1.04949754033978
278.868707883654,94.0177576212664,1.21042087090596
217.084052363055,89.8697366513388,0.909875840568196
263.265464370825,93.0052141885465,1.1312943792451
275.622395474945,93.8280591842176,1.19407695098328
295.309709437441,95.1351833228271,1.29732186043037
247.452781347756,91.8993452428582,1.0534716221034
247.662220857995,91.9534115862806,1.05485687973548
280.544223965569,94.1653495687077,1.21939636814767
192.370190154815,87.6648725055942,0.793516430857874
136.030961900438,82.5493083900951,0.543921928632736
0,0,0
0,0,0
0,0,0
0,0,0
0,0,0
0,0,0
0,0,0
0,0,0
0,0,0
0,0,0
0,0,0
105.557513160617,61.0401809853979,0.343720029231777
162.001461170114,85.163668568263,0.657871938344495
232.792015631004,90.9379615749829,0.983380329963889
297.927703315432,95.3051039587334,1.31153030031396
355.837727896604,99.2241061127512,1.6531287776515
391.651884147528,100.908361437356,1.88898068090347
418.879020478639,102.108146622489,2.07498933792745
418.879020478639,127.66901821645,2.47086432237967
418.879020478639,109.805291280866,2.19369285055613
383.797902513553,100.606083870519,1.83638998929195
400.553063332699,101.251567652405,1.94880377695476
294.576671151603,95.0812268370955,1.29327908604378
207.449834892046,89.1610064932869,0.865064344051661
0,0,0
0,0,0
0,0,0
0,0,0
0,0,0
0,0,0
0,0,0
0,0,0
0,0,0
0,0,0
0,0,0
0,0,0
0,0,0
0,0,0
105.348073650378,48.8717670822975,0.295101858479606
123.988190061677,80.7091024289943,0.489587943047557
105.557513160617,64.8077993316083,0.358376323923298
115.296450386745,79.0811226924854,0.449963045207774
151.320046147908,84.1400534394565,0.610728446023637
105.766952670856,74.3928581725724,0.396402508766438
105.452793405497,57.1083718696881,0.327900013130369
105.557513160617,66.4621185046727,0.364811739373129
105.348073650378,50.8823655902306,0.303034108676433
105.243353895258,45.0602858320538,0.280061157453531
105.348073650378,49.3365946249211,0.296935704646267
0,0,0
0,0,0
0,0,0
0,0,0
0,0,0
0,0,0
0,0,0
0,0,0
0,0,0
0,0,0
0,0,0
0,0,0
0,0,0
0,0,0
0,0,0
0,0,0
0,0,0
0,0,0
0,0,0
0,0,0
0,0,0
0,0,0
0,0,0
0,0,0
0,0,0
0,0,0
0,0,0
0,0,0
0,0,0
0,0,0
0,0,0
0,0,0
0,0,0
0,0,0
0,0,0
0,0,0
0,0,0
0,0,0
0,0,0
0,0,0
0,0,0
105.348073650378,49.3761521133949,0.297091767577028
109.851023120523,78.0301385700414,0.425544644382828
132.679929736609,82.2573629300195,0.529794796292514
136.345121165797,82.6048205202112,0.545391455202147
144.72270157537,83.4517707805687,0.581672550487507
0,0,0
105.452793405497,60.3545321783349,0.340719581753962
105.557513160617,61.876279244671,0.346972509008902
114.458692345788,78.969956866231,0.446392017537768
177.918863948302,86.384804754252,0.727608274900341
105.243353895258,47.1641713971817,0.28820431859368
105.557513160617,64.3668458389224,0.356660984485969
105.348073650378,48.7288993870031,0.294538214221616
122.312673979763,80.3805790778675,0.48180182092246
159.697626557481,84.9367977200655,0.647609721479886
198.967534727354,88.3344217435248,0.824723654321794
118.647482550575,79.709279247909,0.465118505743811
168.284646477293,85.6382407313898,0.685178200018811
134.250726063404,82.4219371430413,0.536545178062624
124.407069082156,80.8537008159877,0.491827333716772
206.402637340849,89.0597763233826,0.860062090613158
295.938027968159,95.1719942709583,1.30068488474622
274.784637433987,93.778499826792,1.18986044539202
218.235969669371,89.9566099842226,0.915292742398585
220.120925261525,90.0731702741977,0.92396221101224
218.65484868985,89.9782652729563,0.917183097534539
213.314141178747,89.6094580913135,0.892392589093647
204.412961993576,88.8643559036103,0.850555964549374
205.564879299892,88.9623075757894,0.855939188647645
217.817090648892,89.9401817359147,0.913445684767812
173.520634233276,86.0021842792801,0.707899563244629
121.893794959284,80.3464044924583,0.480077143124386
0,0,0
0,0,0
0,0,0
0,0,0
0,0,0
0,0,0
0,0,0
0,0,0
0,0,0
0,0,0
0,0,0
0,0,0
0,0,0
0,0,0
0,0,0
0,0,0
0,0,0
0,0,0
0,0,0
0,0,0
0,0,0
0,0,0
0,0,0
0,0,0
105.557513160617,63.345776138559,0.352688953071439
123.464591286079,80.6585056567794,0.487387403937715
157.498511699968,84.80774675538,0.638368740584551
191.427712358738,87.6151360034159,0.789414048392311
164.095856272507,85.2759919956455,0.666667459528228
0,0,0
117.705004754498,79.5023353984266,0.460708955419776
105.557513160617,62.316113655171,0.348683495139502
0,0,0
0,0,0
0,0,0
0,0,0
0,0,0
0,0,0
0,0,0
0,0,0
0,0,0
0,0,0
0,0,0
0,0,0
0,0,0
0,0,0
0,0,0
0,0,0
0,0,0
0,0,0
0,0,0
0,0,0
0,0,0
0,0,0
0,0,0
0,0,0
0,0,0
0,0,0
0,0,0
0,0,0
0,0,0
0,0,0
0,0,0
0,0,0
0,0,0
0,0,0
0,0,0
0,0,0
105.557513160617,67.1736946640087,0.367579819610656
149.958689331353,84.0126838513502,0.604786521277772
206.716796606208,89.081842656221,0.861497728064566
263.474903881064,93.0027430079942,1.13219020798511
319.395253114962,96.7598047606068,1.43152102531198
375.315602348861,100.278508111901,1.77977275311597
264.7315409425,93.0864145691576,1.13854048349499
274.679917678868,93.7435534873165,1.18903794128226
403.17105721069,101.368522069881,1.96667923316375
348.193185772869,98.6960615287088,1.60448889695425
266.092897759055,93.1581131573355,1.14524013601679
341.281681934971,98.2255016272291,1.5608537097317
244.834787469765,91.7577531982054,1.04112525299825
267.035375555132,93.2531051686459,1.15033603204198
263.893782901543,93.0089953543257,1.13409233620861
174.986710804951,86.1627248957935,0.714671262924085
186.296444357875,87.0822099799115,0.765311956743103
168.494085987533,85.6466103241727,0.686045281841478
105.766952670856,75.5476803654157,0.400904082132379
105.138634140138,39.8249794959156,0.259562149288969
126.396744429429,81.1471937107534,0.500692536400902
0,0,0
0,0,0
0,0,0
0,0,0
0,0,0
0,0,0
0,0,0
0,0,0
0,0,0
0,0,0
0,0,0
0,0,0
0,0,0
0,0,0
0,0,0
0,0,0
0,0,0
0,0,0
0,0,0
0,0,0
0,0,0
0,0,0
0,0,0
0,0,0
0,0,0
0,0,0
0,0,0
0,0,0
0,0,0
0,0,0
0,0,0
0,0,0
0,0,0
0,0,0
0,0,0
0,0,0
0,0,0
0,0,0
0,0,0
0,0,0
0,0,0
0,0,0
0,0,0
0,0,0
105.348073650378,50.6216742335014,0.302005624343252
105.243353895258,47.6965834151257,0.290265037544811
105.348073650378,51.4372787378658,0.305223362228141
108.280226793728,77.7937928738994,0.41884611673635
158.336269740926,84.8364435500244,0.641767329068993
184.097329500362,86.8623029266621,0.75510329929119
192.789069175294,87.6946650480222,0.795396299470036
186.296444357875,87.0832597878389,0.765319277882218
184.62092827596,86.9006708833519,0.757433970561844
178.128303458541,86.4053796063622,0.728565638073015
191.741871624097,87.6038896775787,0.790581436694212
197.396738400559,88.1905880500959,0.817378653325707
184.411488765721,86.8779454806136,0.756450586001902
175.091430560071,86.1552645047129,0.715031575688869
142.942465738336,83.2613941171651,0.573864558183233
106.290551446455,77.3475844325256,0.409825460971242
105.452793405497,59.0851524138478,0.33570661275274
105.348073650378,49.0153743525929,0.295668420522486
105.138634140138,38.4229048636377,0.254140794044161
0,0,0
0,0,0
105.557513160617,62.564554268672,0.349649946226161
0,0,0
0,0,0
0,0,0
0,0,0
0,0,0
0,0,0
0,0,0
0,0,0
0,0,0
0,0,0
0,0,0
0,0,0
0,0,0
0,0,0
0,0,0
0,0,0
0,0,0
0,0,0
0,0,0
0,0,0
0,0,0
0,0,0
0,0,0
0,0,0
0,0,0
0,0,0
0,0,0
0,0,0
0,0,0
0,0,0
0,0,0
0,0,0
0,0,0
0,0,0
0,0,0
105.452793405497,56.2395018729839,0.324468716617359
0,0,0
0,0,0
0,0,0
0,0,0
0,0,0
0,0,0
0,0,0
0,0,0
0,0,0
0,0,0
0,0,0
0,0,0
0,0,0
0,0,0
0,0,0
0,0,0
0,0,0
0,0,0
0,0,0
0,0,0
0,0,0
105.452793405497,55.7274033884826,0.322446363732748
105.348073650378,51.4705990363193,0.305354818082168
112.364297243395,78.4988964974188,0.436694587774494
111.002940426839,78.2385522163754,0.430617909594938
105.138634140138,39.3207636857789,0.257612514823107
105.243353895258,47.1503348838988,0.288150763895103
107.337748997651,77.5739752707095,0.414531548467586
117.286125734019,79.4520752584569,0.45893413406097
126.710903694788,81.2752490579571,0.502477983694406
109.746303365403,78.0334687644638,0.425174428574626
107.023589732292,77.5611539621302,0.413335208180389
112.364297243395,78.4928753824281,0.436669649977881
134.250726063404,82.3743742821617,0.536309789448542
210.486707790516,89.4525117544311,0.879630193332019
258.971954410919,92.7087804623688,1.10993076686174
230.174021753012,90.757649328408,0.971021772718087
199.176974237593,88.3466978645821,0.825652819242999
201.376089095106,88.560314330891,0.836058939564877
0,0,0
0,0,0
0,0,0
0,0,0
0,0,0
0,0,0
0,0,0
0,0,0
0,0,0
0,0,0
0,0,0
0,0,0
0,0,0
0,0,0
0,0,0
0,0,0
0,0,0
0,0,0
0,0,0
0,0,0
0,0,0
0,0,0
0,0,0
0,0,0
0,0,0
0,0,0
0,0,0
0,0,0
0,0,0
0,0,0
0,0,0
0,0,0
0,0,0
0,0,0
0,0,0
0,0,0
105.243353895258,42.7625885525708,0.271167841434713
105.662232915737,70.7557432021185,0.381869855398647
126.396744429429,81.1761116938365,0.500827293633377
115.296450386745,79.1008988395772,0.450047094157007
115.715329407224,79.1504523246111,0.451809775149479
178.65190223414,86.4195450533591,0.730711192946639
193.731546971371,87.8286956094881,0.800115160525735
156.97491292437,84.7634434284354,0.636091480431072
143.361344758814,83.3336790512581,0.575844721431376
133.622407532686,82.2827522702889,0.533481406327873
139.800873084746,82.9485423052941,0.560265353063468
105.662232915737,69.3129332577678,0.376251692507178
0,0,0
0,0,0
0,0,0
0,0,0
0,0,0
0,0,0
0,0,0
0,0,0
0,0,0
0,0,0
0,0,0
0,0,0
0,0,0
0,0,0
0,0,0
0,0,0
0,0,0
0,0,0
0,0,0
0,0,0
0,0,0
0,0,0
0,0,0
0,0,0
0,0,0
0,0,0
0,0,0
0,0,0
0,0,0
0,0,0
0,0,0
0,0,0
0,0,0
0,0,0
0,0,0
0,0,0
0,0,0
0,0,0
0,0,0
0,0,0
0,0,0
0,0,0
0,0,0
0,0,0
0,0,0
0,0,0
105.348073650378,52.1718238740201,0.308121303203353
0,0,0
0,0,0
105.766952670856,74.128393991867,0.395371609880457
105.452793405497,56.4861791626921,0.325442881828755
0,0,0
0,0,0
105.348073650378,51.1595474875298,0.304127651793437
105.557513160617,65.6164219777413,0.361521921674165
105.243353895258,43.1595584291548,0.272704326938672
0,0,0
0,0,0
0,0,0
0,0,0
0,0,0
0,0,0
0,0,0
0,0,0
0,0,0
0,0,0
0,0,0
0,0,0
0,0,0
0,0,0
0,0,0
105.766952670856,74.6975271454077,0.397590128594013
150.272848596712,84.0611741327152,0.606262324933345
131.213853164934,82.07391639175,0.523367143294334
178.4424627239,86.3924560358199,0.729709799467672
206.716796606208,89.103136906236,0.861662410082133
207.868713912525,89.19388113027,0.867008217440226
250.070775225748,92.1040318212806,1.06643636414968
252.060450573021,92.2507136172034,1.07623243422282
253.945406165175,92.3426795899209,1.08508613612869
232.163697100286,90.9107882940431,0.980551021134433
239.179920693303,91.3757946688002,1.0138693441858
205.146000279413,88.9155953446874,0.853895536805522
193.83626672649,87.8015511859261,0.800335109785203
168.389366232413,85.6236311746231,0.685493268731909
171.845118151362,85.8741678004381,0.700538841833129
151.843644923507,84.2201825853068,0.613191361648538
106.499990956694,77.3954136850944,0.410775290897154
0,0,0
105.138634140138,41.3261223748413,0.265366568420815
0,0,0
0,0,0
0,0,0
0,0,0
0,0,0
0,0,0
0,0,0
0,0,0
0,0,0
0,0,0
0,0,0
0,0,0
0,0,0
0,0,0
0,0,0
0,0,0
0,0,0
0,0,0
0,0,0
0,0,0
105.662232915737,68.738641789694,0.374015456870287
109.432144100044,77.9404202527092,0.423648025444064
0,0,0
0,0,0
0,0,0
0,0,0
0,0,0
0,0,0
105.557513160617,64.6497797805673,0.35776161699328
105.243353895258,45.4449247463412,0.281549915545573
0,0,0
0,0,0
0,0,0
0,0,0
0,0,0
0,0,0
0,0,0
0,0,0
0,0,0
0,0,0
0,0,0
0,0,0
0,0,0
105.138634140138,41.0040388590572,0.26412117882645
105.557513160617,65.1435494845067,0.35968241512772
105.766952670856,77.0306423999829,0.406684766326777
117.286125734019,79.4435436079918,0.45889724746599
127.339222225506,81.3977992436711,0.50543075469614
136.554560676036,82.6126484659936,0.546224974843751
155.508836352695,84.5602599968304,0.629253032411026
194.988184032807,87.9426127534559,0.805948810529701
212.895262158268,89.5809087303051,0.890457541420294
321.594367972475,96.9067133805183,1.44439514087056
288.188766089304,94.6613585386657,1.25871678936881
295.100269927201,95.1381126602754,1.2963691514446
300.231537928065,95.4642321758209,1.32416897899057
181.374615867251,86.645509710544,0.742911205767571
244.101749183927,91.6826952100458,1.03734949605183
211.010306566114,89.4680118464733,0.881883985803604
184.935087541319,86.9559479547208,0.759056405579532
112.469016998515,78.5558010392314,0.43731599028566
105.348073650378,50.5763954813535,0.301826989777863
105.452793405497,55.1483140461602,0.320159454012572
0,0,0
0,0,0
0,0,0
0,0,0
0,0,0
0,0,0
0,0,0
0,0,0
0,0,0
0,0,0
0,0,0
0,0,0
0,0,0
0,0,0
0,0,0
0,0,0
0,0,0
0,0,0
0,0,0
0,0,0
0,0,0
0,0,0
0,0,0
0,0,0
0,0,0
0,0,0
0,0,0
0,0,0
0,0,0
131.528012430293,82.0842299910307,0.52460222732327
135.926242145318,82.5355245283235,0.543456020076916
123.988190061677,80.7664614630777,0.489850132677558
142.314147207618,83.2160633579479,0.571229367786825
153.414441250302,84.3711947007123,0.620093505907357
164.200576027627,85.2820575970282,0.667110461072596
192.370190154815,87.7090798611661,0.793834714773762
221.796441343439,90.197533931122,0.931854683534593
235.095850243636,91.0907499128406,0.994233581572615
207.868713912525,89.1859585771838,0.866946607697482
151.215326392789,84.1576019384131,0.610423248675404
171.216799620644,85.8304972972462,0.697810508537271
170.483761334806,85.7921841939052,0.694710689304516
167.656327946575,85.5977502197017,0.682481220183986
205.146000279413,88.9631578800612,0.854260588203141
171.112079865524,85.8691758413555,0.697650336753351
206.507357095969,89.0564624878488,0.860458149910047
133.098808757088,82.2740085105099,0.531459380833358
120.11355912225,80.0141003582668,0.471930761726848
106.395271201574,77.4172285640232,0.410479601257659
105.243353895258,42.0874422456239,0.268554664529194
0,0,0
0,0,0
0,0,0
0,0,0
0,0,0
0,0,0
0,0,0
0,0,0
0,0,0
0,0,0
0,0,0
0,0,0
0,0,0
0,0,0
0,0,0
0,0,0
0,0,0
0,0,0
0,0,0
0,0,0
0,0,0
0,0,0
0,0,0
0,0,0
0,0,0
0,0,0
0,0,0
105.138634140138,41.2575413183425,0.265101388335686
105.662232915737,69.4798815463206,0.376901773055357
105.557513160617,64.6883437647348,0.357911633546047
105.662232915737,69.284208494863,0.376139841048398
105.243353895258,41.474329863087,0.266181592052833
124.616508592395,80.8860489181556,0.492765162232547
116.029488672583,79.2183962580333,0.453264435834015
126.815623449908,81.2863387562007,0.502926070329454
105.766952670856,74.99262503243,0.398740439695408
110.060462630762,78.14763469746,0.426788656658925
105.557513160617,65.3392241185368,0.360443602922361
116.97196646866,79.4194020990698,0.457625692680697
139.172554554028,82.9310001451608,0.557785110362019
150.79644737231,84.099544395735,0.608488688904454
150.482288106951,84.0601322965258,0.60706183802151
127.025062960147,81.2684317713924,0.503634768968326
132.36577047125,82.178083598399,0.528220734445798
137.497038472113,82.698978577672,0.550236289865653
105.662232915737,71.8357870490206,0.386075442063462
105.557513160617,63.2379259013677,0.352269408225444
111.840698467797,78.4116346239992,0.434407363039716
132.36577047125,82.1963217141256,0.528309735972323
105.452793405497,55.5821984924762,0.321872928057413
0,0,0
0,0,0
0,0,0
0,0,0
0,0,0
0,0,0
0,0,0
105.348073650378,50.68485867097,0.302254900747551
0,0,0
0,0,0
0,0,0
0,0,0
0,0,0
0,0,0
0,0,0
0,0,0
0,0,0
0,0,0
0,0,0
0,0,0
0,0,0
0,0,0
0,0,0
0,0,0
0,0,0
0,0,0
0,0,0
0,0,0
0,0,0
0,0,0
0,0,0
0,0,0
105.348073650378,53.7662105470801,0.3144115068175
105.452793405497,57.0711251257272,0.327752920212949
0,0,0
0,0,0
0,0,0
0,0,0
0,0,0
0,0,0
0,0,0
0,0,0
0,0,0
0,0,0
0,0,0
0,0,0
0,0,0
0,0,0
0,0,0
105.452793405497,56.6082814813214,0.325925081998783
144.199102799772,83.4045152826643,0.579419931243629
204.936560769174,88.9082846153537,0.852997283257374
207.659274402285,89.1797781786946,0.86605428765907
161.792021659874,85.1045295717715,0.656703275716559
196.768419869841,88.1022684187048,0.814218668419815
192.684349420174,87.7074267526623,0.795071988216185
189.961635787063,87.4532586828087,0.782438621922772
208.078153422764,89.2529333911201,0.868312265696126
262.008827309389,92.9199789671117,1.12493720062214
305.153366418689,95.7999068826137,1.35121230058792
270.700566984321,93.4761093120262,1.16873357555544
218.55012893473,89.9579422009963,0.91658849036416
186.191724602755,87.0998189037348,0.765020733477429
158.126830230686,84.8373580774416,0.640964620252533
137.915917492592,82.781225448748,0.552244050453463
127.234502470387,81.3212059908638,0.50467475052623
0,0,0
105.348073650378,50.6089496098349,0.301955422924031
0,0,0
0,0,0
0,0,0
0,0,0
0,0,0
0,0,0
0,0,0
0,0,0
0,0,0
0,0,0
0,0,0
0,0,0
0,0,0
0,0,0
0,0,0
0,0,0
0,0,0
0,0,0
0,0,0
0,0,0
0,0,0
0,0,0
0,0,0
0,0,0
0,0,0
0,0,0
0,0,0
0,0,0
0,0,0
0,0,0
0,0,0
0,0,0
0,0,0
0,0,0
0,0,0
0,0,0
0,0,0
0,0,0
0,0,0
0,0,0
0,0,0
0,0,0
0,0,0
0,0,0
0,0,0
0,0,0
0,0,0
0,0,0
0,0,0
0,0,0
0,0,0
0,0,0
0,0,0
0,0,0
0,0,0
0,0,0
0,0,0
0,0,0
0,0,0
0,0,0
0,0,0
0,0,0
0,0,0
0,0,0
0,0,0
0,0,0
0,0,0
0,0,0
0,0,0
0,0,0
0,0,0
0,0,0
0,0,0
0,0,0
0,0,0
115.087010876506,79.0325001079294,0.448981271872391
172.47343668208,85.9526327207808,0.70349386735535
220.120925261525,90.104128250906,0.924217280112979
171.007360110404,85.8523170283295,0.697134367440286
190.485234562661,87.4747920993987,0.784669154875165
233.629773671961,90.9886467906172,0.98728123280921
211.115026321234,89.4514617635302,0.882179614375667
209.753669504678,89.3602563076265,0.875922279565595
205.146000279413,88.9201178824935,0.853930248133123
215.199096770901,89.7281902310576,0.901033069932581
234.153372447559,91.0416127701511,0.989907628549361
183.783170235003,86.820973201481,0.753579643647329
214.361338729944,89.672421559252,0.897166710510821
206.821516361328,89.0859317992087,0.86195111540945
195.825942073764,88.0389140345448,0.809993009559086
113.620934304831,78.7792055031889,0.442494553984091
105.348073650378,53.7963376137493,0.314530364674787
105.243353895258,43.3221658818615,0.273333704653852
111.840698467797,78.4377740206684,0.434515119725284
0,0,0
0,0,0
0,0,0
0,0,0
0,0,0
0,0,0
0,0,0
0,0,0
0,0,0
0,0,0
0,0,0
0,0,0
0,0,0
0,0,0
0,0,0
0,0,0
0,0,0
0,0,0
0,0,0
0,0,0
0,0,0
0,0,0
0,0,0
0,0,0
0,0,0
0,0,0
0,0,0
0,0,0
0,0,0
0,0,0
0,0,0
105.138634140138,38.8910720074241,0.255951040333468
105.452793405497,57.6164519682751,0.329906496812881
0,0,0
0,0,0
0,0,0
105.452793405497,60.6091494531482,0.341725103144426
105.452793405497,55.8112877828207,0.322777635650158
0,0,0
0,0,0
0,0,0
0,0,0
0,0,0
0,0,0
0,0,0
0,0,0
0,0,0
0,0,0
0,0,0
0,0,0
0,0,0
0,0,0
0,0,0
0,0,0
0,0,0
0,0,0
105.243353895258,46.8804354001567,0.287106108698935
105.138634140138,39.8078852726815,0.259496051625797
105.243353895258,43.2777193130307,0.27316167268685
105.452793405497,56.0911294507893,0.323882771911207
105.452793405497,58.090773914704,0.331779664544531
105.662232915737,68.912149403799,0.374691078800097
118.019164019857,79.5662926460825,0.462155347346036
105.662232915737,67.5705976208107,0.36946720543155
123.359871530959,80.6317280327617,0.486871772122511
105.662232915737,70.1067857204332,0.379342877499707
105.557513160617,63.4956202460787,0.353271856963444
0,0,0
0,0,0
0,0,0
0,0,0
0,0,0
0,0,0
0,0,0
0,0,0
0,0,0
0,0,0
0,0,0
0,0,0
0,0,0
0,0,0
0,0,0
0,0,0
0,0,0
0,0,0
0,0,0
0,0,0
0,0,0
0,0,0
0,0,0
0,0,0
0,0,0
0,0,0
0,0,0
0,0,0
0,0,0
105.557513160617,66.3633053515185,0.36442734940606
154.252199291259,84.4416016201819,0.623724183757586
212.162223872431,89.520018956082,0.886986636570934
266.407057024414,93.1844052053742,1.14688444767606
263.474903881064,93.0201250355632,1.13236164366957
245.253666490243,91.7908539464791,1.04319475720753
134.879044594122,82.4365651626165,0.538996056947876
0,0,0
0,0,0
0,0,0
0,0,0
0,0,0
0,0,0
0,0,0
0,0,0
0,0,0
0,0,0
0,0,0
0,0,0
0,0,0
0,0,0
0,0,0
0,0,0
0,0,0
0,0,0
0,0,0
0,0,0
0,0,0
0,0,0
0,0,0
105.452793405497,60.0942798609723,0.339691806744517
105.557513160617,61.8467037650496,0.346857458357497
0,0,0
0,0,0
0,0,0
0,0,0
0,0,0
0,0,0
0,0,0
105.138634140138,39.169493244378,0.25702760244969
105.243353895258,42.7854833256666,0.27125645643815
105.348073650378,52.1992729582073,0.308229595834919
0,0,0
0,0,0
0,0,0
0,0,0
0,0,0
0,0,0
0,0,0
0,0,0
0,0,0
0,0,0
0,0,0
0,0,0
0,0,0
0,0,0
0,0,0
0,0,0
0,0,0
0,0,0
0,0,0
0,0,0
0,0,0
0,0,0
0,0,0
0,0,0
0,0,0
0,0,0
0,0,0
0,0,0
0,0,0
0,0,0
0,0,0
0,0,0
0,0,0
0,0,0
0,0,0
0,0,0
0,0,0
0,0,0
0,0,0
0,0,0
0,0,0
0,0,0
0,0,0
0,0,0
0,0,0
0,0,0
0,0,0
0,0,0
0,0,0
0,0,0
105.243353895258,47.5515414605154,0.289703647691651
0,0,0
0,0,0
0,0,0
0,0,0
0,0,0
105.662232915737,71.5234108332031,0.384859079180218
163.15337847643,85.2136934083836,0.662635523103372
212.685822648029,89.5771644120608,0.889574155676914
231.221219304209,90.8363969597973,0.976018256163234
197.396738400559,88.1711156500793,0.817234813917906
161.058983374037,85.0433694172649,0.653499265250261
138.020637247712,82.774122765733,0.55260565456688
182.002934397969,86.6696891923864,0.745542599829414
176.348067621507,86.2191858828441,0.720363715260596
175.929188601028,86.2208218230669,0.718736761400003
173.625353988396,86.0188569701018,0.708416501988842
139.172554554028,82.9209923493589,0.55773377801235
105.557513160617,63.357679946308,0.35273525970292
105.452793405497,60.740059662734,0.342235324432528
130.899693899575,82.0681814111695,0.522154394294906
128.805298797182,81.6078403210668,0.511982183868687
125.244827123113,80.9630762157262,0.495489223120446
120.637157897848,80.1154023476711,0.474338076830185
114.982291121386,79.0555469862811,0.448691390798743
155.194677087336,84.526212349184,0.627844743058319
113.097335529233,78.7047352370052,0.440251184359052
132.784649491729,82.2663368406189,0.530234453322903
106.604710711814,77.4376494983261,0.411322467405237
106.604710711814,77.4461361487166,0.411355811513035
106.709430466933,77.4446856446073,0.411731534743054
105.348073650378,49.4338751268611,0.297319497470949
0,0,0
0,0,0
0,0,0
105.557513160617,63.7342911133497,0.354200303064818
105.348073650378,53.6083335723929,0.313788647674515
0,0,0
0,0,0
0,0,0
0,0,0
0,0,0
0,0,0
0,0,0
0,0,0
0,0,0
0,0,0
0,0,0
0,0,0
0,0,0
0,0,0
0,0,0
0,0,0
0,0,0
0,0,0
0,0,0
0,0,0
0,0,0
0,0,0
0,0,0
0,0,0
0,0,0
0,0,0
0,0,0
0,0,0
0,0,0
0,0,0
0,0,0
0,0,0
0,0,0
0,0,0
0,0,0
0,0,0
0,0,0
0,0,0
0,0,0
0,0,0
0,0,0
105.348073650378,48.3895662946346,0.293215951453356
0,0,0
0,0,0
0,0,0
0,0,0
0,0,0
0,0,0
0,0,0
0,0,0
0,0,0
0,0,0
0,0,0
0,0,0
0,0,0
0,0,0
0,0,0
0,0,0
0,0,0
0,0,0
0,0,0
0,0,0
0,0,0
0,0,0
0,0,0
0,0,0
0,0,0
0,0,0
0,0,0
0,0,0
0,0,0
0,0,0
0,0,0
0,0,0
0,0,0
0,0,0
0,0,0
0,0,0
0,0,0
0,0,0
0,0,0
0,0,0
0,0,0
0,0,0
0,0,0
0,0,0
0,0,0
0,0,0
0,0,0
0,0,0
0,0,0
0,0,0
105.348073650378,50.3690523631937,0.301008975896253
124.407069082156,80.7683153085417,0.491435713408711
167.865767456815,85.6184177734213,0.683425055487626
202.109127380943,88.6500110437513,0.839675249372724
105.662232915737,69.9706522763741,0.378812786986611
130.271375368857,81.8982896041411,0.518942566007353
266.197617514175,93.1994419149962,1.14611267840579
187.448361664191,87.1948131132274,0.770655565072144
174.253672519114,86.0587393796587,0.711128515096082
129.643056838139,81.7985778931069,0.516074074688596
105.452793405497,60.8313748528778,0.342590196631156
105.243353895258,44.1165323304308,0.276408327200937
105.243353895258,43.0016475630567,0.272093127522824
105.348073650378,48.967597544079,0.295479930579197
105.138634140138,38.856391750562,0.255816943340268
0,0,0
0,0,0
105.243353895258,47.5906293823094,0.289854938831757
105.557513160617,65.9418068130928,0.362787691079885
105.557513160617,66.0792537006016,0.363322368932749
105.976392181096,77.3071992023969,0.408524584113264
145.246300350968,83.5141422536337,0.584007877376117
212.47638313779,89.564425573381,0.888619323882108
233.315614406602,90.9804123911107,0.985912154401136
219.702046241046,90.0446659030949,0.922012827368231
105.766952670856,75.6018819925121,0.401115363663372
0,0,0
0,0,0
0,0,0
0,0,0
0,0,0
0,0,0
0,0,0
129.32889757278,81.7180284404605,0.514495208983599
155.299396842455,84.5349001785549,0.628298863208402
143.466064513934,83.3591557122775,0.576379257263814
130.899693899575,82.0232084302641,0.521937341805941
105.348073650378,49.8958281306483,0.299142002954146
0,0,0
0,0,0
0,0,0
0,0,0
0,0,0
0,0,0
0,0,0
0,0,0
0,0,0
0,0,0
0,0,0
0,0,0
0,0,0
0,0,0
0,0,0
0,0,0
0,0,0
0,0,0
0,0,0
0,0,0
0,0,0
105.348073650378,53.1111109910756,0.311826996005642
116.553087448181,79.3712274959104,0.45586247538286
168.703525497772,85.6509771781476,0.686887219855158
146.817096677763,83.6601122207693,0.590805651363474
143.361344758814,83.3436486179516,0.575897386949983
138.334796513071,82.7986707287596,0.553923939588311
155.404116597575,84.5855148893706,0.628993024014174
171.949837906481,85.8931398419962,0.701069028533323
149.853969576233,83.9847479531479,0.604229846067022
135.716802635079,82.5220538734326,0.542595043347232
155.718275862934,84.5888444424931,0.630226084290495
161.896741414994,85.0987342462342,0.657073212768304
189.438037011465,87.3665637895544,0.779746888292952
226.194671058465,90.4692205910598,0.952183632166258
132.679929736609,82.2009907936594,0.529519053216203
114.772851611147,79.0101642471012,0.44772408619568
119.066361571053,79.8463203601413,0.467280736477224
192.160750644576,87.6482828339622,0.792564665886667
207.973433667644,89.2131581914374,0.867580384679449
189.542756766584,87.4146516400649,0.780503115265802
153.83332027078,84.4224151489633,0.621999058848748
126.501464184549,81.2124781810831,0.501392755275054
105.452793405497,58.1890547711714,0.332167790226591
0,0,0
0,0,0
0,0,0
0,0,0
105.243353895258,43.7928863701166,0.275155644426321
0,0,0
0,0,0
0,0,0
0,0,0
0,0,0
0,0,0
0,0,0
0,0,0
0,0,0
0,0,0
0,0,0
0,0,0
0,0,0
0,0,0
0,0,0
0,0,0
0,0,0
0,0,0
0,0,0
0,0,0
0,0,0
0,0,0
0,0,0
0,0,0
0,0,0
0,0,0
0,0,0
0,0,0
0,0,0
0,0,0
0,0,0
0,0,0
0,0,0
0,0,0
0,0,0
0,0,0
0,0,0
0,0,0
0,0,0
0,0,0
0,0,0
0,0,0
0,0,0
0,0,0
0,0,0
0,0,0
0,0,0
0,0,0
0,0,0
0,0,0
0,0,0
0,0,0
0,0,0
0,0,0
0,0,0
0,0,0
0,0,0
105.662232915737,70.2688383911981,0.37997389498397
133.308248267327,82.3152842074002,0.532453811234689
173.311194723037,86.0280802122352,0.707250403329475
143.780223779293,83.352798744515,0.577545434532168
141.895268187139,83.1994038759614,0.569544642887393
107.233029242532,77.5515784468613,0.414061109153701
0,0,0
0,0,0
0,0,0
0,0,0
0,0,0
0,0,0
0,0,0
105.662232915737,70.63800381766,0.38141138958115
212.26694362755,89.5388540547135,0.887562777415282
0,0,0
0,0,0
0,0,0
0,0,0
0,0,0
0,0,0
144.72270157537,83.4401007187406,0.581610320102746
126.710903694788,81.23652798596,0.502297094989335
199.595853258072,88.393833685656,0.827680392300552
277.08847204662,93.914648418046,1.20146188567748
316.253660461372,96.5708839348233,1.41341942642284
389.033890269536,100.821736391473,1.87163349975862
418.879020478639,116.273999932222,2.29350093307419
418.879020478639,125.130724629521,2.43106837632233
418.879020478639,127.717958851205,2.47163162481889
345.784631405117,98.5409434663398,1.58936856138722
418.879020478639,112.267743724364,2.23168693406242
357.09436495804,99.29177816246,1.66090110296575
400.448343577579,101.260491877669,1.94828977228492
361.806753938424,99.6275332098504,1.69119507804299
372.907047981108,100.191005847104,1.76380920612296
244.834787469765,91.721484756652,1.04079271946413
193.522107461131,87.7843593245916,0.798960319203404
138.54423602331,82.8184322902365,0.554820452097662
0,0,0
0,0,0
0,0,0
0,0,0
0,0,0
0,0,0
0,0,0
0,0,0
0,0,0
0,0,0
108.489666303968,77.8428675871762,0.419807892977957
174.044233008875,86.0530281132081,0.710273703757508
220.120925261525,90.0670083695813,0.923911441820049
230.488181018371,90.7623506610673,0.972356727554225
291.120919232654,94.8678852065725,1.27470708073518
346.098790670476,98.5438369292884,1.59111818922437
345.784631405117,98.5351697603207,1.58929502583233
387.253654432502,100.73246316203,1.85941395130877
418.879020478639,107.859812891056,2.16368678071215
418.879020478639,125.58239695291,2.43814979807344
418.879020478639,121.286844430031,2.3708459526528
403.694655986288,101.390208277689,1.97023169072365
340.862802914493,98.2271759399557,1.55859591433584
265.255139718098,93.1028177987469,1.14100546076947
173.625353988396,86.0290345535251,0.708482648436539
105.243353895258,45.127205461084,0.280320172169761
105.348073650378,51.5295373524439,0.30558734261048
105.138634140138,40.7461032105577,0.263123827652252
0,0,0
0,0,0
0,0,0
0,0,0
0,0,0
0,0,0
0,0,0
0,0,0
0,0,0
105.348073650378,51.6883319384332,0.306213821930443
142.314147207618,83.1865016619353,0.571074337958994
203.05160517702,88.7264756642822,0.844036753403963
255.935081512448,92.4693396843666,1.09472918056709
298.870181111509,95.3709572112875,1.31670582178851
311.750710991227,96.2319639054194,1.38744600010565
292.586995804329,94.9464235936476,1.28244829242423
297.927703315432,95.3196223579358,1.31169221831873
208.287592933003,89.2642092003628,0.869244956075798
226.718269834063,90.52661681113,0.954822438392492
213.209421423627,89.5989860693172,0.891882139460914
211.533905341713,89.4937339758993,0.884219292001383
140.115032350105,82.9568491663626,0.561503380022224
127.548661735746,81.4279782005512,0.506366094500263
157.393791944849,84.7477000246107,0.637616772970768
0,0,0
0,0,0
0,0,0
0,0,0
0,0,0
0,0,0
0,0,0
0,0,0
0,0,0
0,0,0
0,0,0
0,0,0
105.452793405497,56.0089421923285,0.323558202235145
195.197623543046,87.9682437441107,0.806970661587307
259.286113676278,92.712290573789,1.11130007866516
315.730061685774,96.528980958134,1.410283751554
363.691709530578,99.7425073961744,1.70308627547208
406.20793010916,101.475876477575,1.98701955459173
418.879020478639,102.750628356004,2.08489716013718
418.879020478639,103.9854635138,2.10393976720842
418.879020478639,122.585938197591,2.39117063395952
403.589936231169,101.371544542628,1.96930825648145
317.719737033048,96.6637762526222,1.42191752755023
313.740386338501,96.3817770203774,1.39864432830828
182.421813418447,86.7381832443863,0.747655178930089
105.348073650378,49.8445156022794,0.298939563823883
0,0,0
0,0,0
0,0,0
0,0,0
0,0,0
0,0,0
0,0,0
0,0,0
0,0,0
0,0,0
0,0,0
0,0,0
0,0,0
111.317099692198,78.3627478735702,0.432280968210119
178.861341744379,86.4326629199689,0.731619465242058
218.55012893473,89.9801746106976,0.916770346038529
178.337742968781,86.3855816479762,0.729253792661737
185.353966561798,86.9669316523515,0.760786472657515
201.061929829747,88.5169935023119,0.834473881794941
131.632732185412,82.08780547939,0.525014642630962
105.557513160617,64.0137397279364,0.355287377409978
105.348073650378,53.1190364472337,0.31185826366098
0,0,0
0,0,0
0,0,0
0,0,0
0,0,0
0,0,0
0,0,0
0,0,0
0,0,0
0,0,0
0,0,0
0,0,0
0,0,0
0,0,0
0,0,0
0,0,0
0,0,0
0,0,0
0,0,0
0,0,0
0,0,0
0,0,0
0,0,0
0,0,0
0,0,0
0,0,0
0,0,0
0,0,0
0,0,0
0,0,0
0,0,0
0,0,0
0,0,0
0,0,0
0,0,0
0,0,0
0,0,0
0,0,0
0,0,0
0,0,0
0,0,0
0,0,0
0,0,0
0,0,0
105.243353895258,41.7444541306076,0.267227117282316
105.766952670856,76.9547714144649,0.406389016201977
132.994089001968,82.2389686459417,0.530891790224399
142.418866962737,83.239815553378,0.571753425410161
157.07963267949,84.751106742202,0.63642545010999
105.243353895258,43.8066026091875,0.275208733599441
111.735978712677,78.4318487130318,0.434105453112296
121.265476428566,80.2594052380594,0.477332346201616
153.100281984943,84.3586374775027,0.618811193182
221.48228207808,90.1744997391135,0.930375998039268
127.339222225506,81.3281245897005,0.505103646925395
148.806772025037,83.8913411684217,0.599694275266409
134.983764349241,82.4942757998947,0.539679630210544
183.154851704285,86.7492375322245,0.750611277472957
218.44540917961,89.9430136236355,0.916038148552154
254.469004940773,92.3777114124477,1.08763815932303
174.672551539592,86.1289483054884,0.713222783642054
214.151899219704,89.680676448336,0.896378544856615
175.196150315191,86.1861339569528,0.715643203777694
154.356919046379,84.4967117893643,0.624441603759502
223.995556200952,90.3480539676361,0.942130928384982
302.744812050936,95.6232336367586,1.33782237936266
271.433605270158,93.5168971831656,1.17238170067451
202.213847136063,88.6223638434599,0.839886133162336
191.637151868977,87.6112288146736,0.790218088413249
178.233023213661,86.3710865627423,0.728746993469573
160.744824108678,85.0422630889562,0.652278176764236
140.533911370583,83.0061452465193,0.56335232609863
132.575209981489,82.1867175270128,0.529053779826017
138.230076757951,82.7691436474544,0.553375704546154
105.452793405497,58.231397266772,0.332335007023186
0,0,0
0,0,0
0,0,0
0,0,0
0,0,0
0,0,0
0,0,0
0,0,0
0,0,0
0,0,0
0,0,0
0,0,0
0,0,0
0,0,0
0,0,0
0,0,0
0,0,0
0,0,0
0,0,0
0,0,0
0,0,0
0,0,0
0,0,0
0,0,0
0,0,0
0,0,0
0,0,0
0,0,0
0,0,0
0,0,0
0,0,0
0,0,0
0,0,0
0,0,0
0,0,0
0,0,0
0,0,0
0,0,0
0,0,0
0,0,0
0,0,0
0,0,0
0,0,0
0,0,0
0,0,0
0,0,0
0,0,0
0,0,0
0,0,0
0,0,0
0,0,0
0,0,0
0,0,0
0,0,0
0,0,0
0,0,0
0,0,0
0,0,0
0,0,0
0,0,0
0,0,0
0,0,0
0,0,0
0,0,0
0,0,0
0,0,0
0,0,0
0,0,0
0,0,0
0,0,0
0,0,0
0,0,0
0,0,0
0,0,0
0,0,0
0,0,0
0,0,0
418.879020478639,145.673142857143,2.7501
418.879020478639,145.673142857143,2.7501
418.879020478639,145.673142857143,2.7501
418.879020478639,145.673142857143,2.7501
418.879020478639,145.673142857143,2.7501
0,0,0
418.879020478639,145.673142857143,2.7501
418.879020478639,109.875712690077,2.19477940835312
143.047185493455,83.2619625510344,0.574267131664921
118.647482550575,79.7039847742749,0.465095348885744
104.929194629899,24.6698541341509,0.200512910404765
0,0,0
105.243353895258,45.1903344710296,0.280564515164991
0,0,0
0,0,0
0,0,0
0,0,0
0,0,0
0,0,0
0,0,0
0,0,0
0,0,0
0,0,0
0,0,0
0,0,0
0,0,0
104.824474874779,15.71541360004,0.165212694830462
0,0,0
0,0,0
105.138634140138,39.9492536031933,0.260042675837109
105.557513160617,62.4944645773769,0.349377292502757
105.452793405497,58.545348536751,0.333574847162701
108.070787283489,77.6950830385131,0.417687395408383
142.209427452498,83.1776757703334,0.570628796354866
173.656167823932,13.2155769650726,0.240445523629543
0,0,0
0,0,0
0,0,0
0,0,0
0,0,0
0,0,0
0,0,0
0,0,0
0,0,0
0,0,0
0,0,0
0,0,0
0,0,0
0,0,0