Optimal_Peng (kW),Optimal_Pbatt (kW),P_veh (kW)
,,0.0
,,0.0
,,0.0
,,0.0
,,0.0
,,0.0
,,0.0
,,0.0
,,0.0
,,0.0
,,0.0
,,0.0
,,0.0
,,0.0
,,0.0
,,0.0
,,0.0
,,0.0
,,0.0
,,0.0
,,0.0
3.2779998914803277,0.7318444269934088,4.0098443184737365
7.277999891480327,0.444438764169119,7.722438655649446
10.277999891480327,0.44457367475154186,10.722573566231869
15.277999891480327,0.2551292076249698,15.533129099105297
18.277999891480327,0.8883566081403167,19.166356499620644
21.277999891480327,0.6030694120032472,21.881069303483574
7.277999891480327,0.4732730814298858,7.751272972910213
11.277999891480327,0.33274409918926295,11.61074399066959
28.277999891480327,0.6946870995533274,28.972686991033655
17.277999891480327,0.017526747343229232,17.295526638823556
15.277999891480327,0.6783696758734585,15.956369567353786
11.277999891480327,0.06817081426112637,11.346170705741454
7.277999891480327,0.05634542422733535,7.334345315707663
5.277999891480327,0.6375452283747434,5.915545119855071
5.277999891480327,0.8753694169758486,6.153369308456176
6.277999891480327,0.8626233561410572,7.1406232476213845
6.277999891480327,0.09567428439456815,6.373674175874895
,,0.0
,,0.0
8.277999891480327,0.2673456667753076,8.545345558255635
10.277999891480327,0.28453652807871777,10.562536419559045
10.277999891480327,0.4843304165937621,10.76233030807409
12.277999891480327,0.06887751203736414,12.346877403517691
16.277999891480327,0.9381705041379114,17.21617039561824
25.277999891480327,0.6821352591736911,25.96013515065402
28.277999891480327,0.15491223359702744,28.432912125077355
26.277999891480327,0.2965666371717255,26.574566528652053
13.277999891480327,0.19474541566070158,13.472745307141029
8.277999891480327,0.838814690292498,9.116814581772825
9.277999891480327,0.02314797752306319,9.30114786900339
,,0.0
,,0.0
,,0.0
,,0.0
4.277999891480327,0.4552242881074653,4.7332241795877925
17.277999891480327,0.9178372853398891,18.195837176820216
20.277999891480327,0.9586502671235841,21.23665015860391
19.277999891480327,0.44111711524332975,19.719117006723657
18.277999891480327,0.04020217887942934,18.318202070359757
11.277999891480327,0.9117347744939952,12.189734665974322
5.277999891480327,0.05598292871168731,5.3339828201920145
2.2779998914803277,0.9642447938457517,3.2422446853260793
,,0.12235316131900303
,,0.0
,,0.0
,,0.0
,,0.0
,,0.0
,,0.0
,,0.0
,,0.0
,,0.0
,,0.0
,,0.0
,,0.0
,,0.0
,,0.0
,,0.3587519898111427
,,0.0
,,0.0
,,0.8639541122207736
3.2779998914803277,0.8947318140509952,4.172731705531323
7.277999891480327,0.5466900202858707,7.824689911766198
12.277999891480327,0.8244723936096481,13.102472285089975
10.277999891480327,0.12150011008202455,10.399500001562352
9.277999891480327,0.6668389660076812,9.944838857488008
9.277999891480327,0.1480429614888159,9.426042852969143
11.277999891480327,0.04362971178426456,11.321629603264592
12.277999891480327,0.9367276168928509,13.214727508373178
10.277999891480327,0.9323513794794849,11.210351270959812
9.277999891480327,0.9471221576929523,10.22512204917328
12.277999891480327,0.5035866047356716,12.781586496215999
13.277999891480327,0.6578331310539944,13.935833022534322
17.277999891480327,0.15531105028140857,17.433310941761736
21.277999891480327,0.9227854998516634,22.20078539133199
12.277999891480327,0.4698683901151064,12.747868281595434
11.277999891480327,0.370989393023887,11.648989284504214
12.277999891480327,0.4734430030940562,12.751442894574383
20.277999891480327,0.8256910574849634,21.10369094896529
23.277999891480327,0.2550249236701916,23.53302481515052
21.277999891480327,0.7367501322790488,22.014750023759376
18.277999891480327,0.5554515554495083,18.833451446929836
16.277999891480327,0.2909608275543789,16.568960719034706
12.277999891480327,0.47854296035440136,12.756542851834729
5.277999891480327,0.9765300989910894,6.254529990471417
3.2779998914803277,0.1440516328489898,3.4220515243293175
9.277999891480327,0.9198494469260243,10.197849338406352
10.277999891480327,0.7322926757580372,11.010292567238364
11.277999891480327,0.5665604125314427,11.84456030401177
9.277999891480327,0.8804480023573475,10.158447893837675
9.277999891480327,0.4205457715709926,9.69854566305132
5.277999891480327,0.04476176367083973,5.322761655151167
,,0.9115106048447761
,,0.0
,,0.0
,,0.0
,,0.0
,,0.0
,,0.0
,,0.0
,,0.0
,,0.0
,,0.0
,,0.0
,,0.0
,,0.0
,,0.0
,,0.0
,,0.0
,,0.0
,,0.0
,,0.0
,,0.0
,,0.0
,,0.0
,,0.0
,,0.0
,,0.0
,,0.0
,,0.0
,,0.0
,,0.0
,,0.0
,,0.0
,,0.0
,,0.0
,,0.0
,,0.0
,,0.0
,,0.0
,,0.0
,,0.0
,,0.0
,,0.0
,,0.0
,,0.0
,,0.0
,,0.0
,,0.0
,,0.0
,,0.0
,,0.0
,,0.0
3.2779998914803277,0.08043565787368312,3.358435549354011
6.277999891480327,0.43341277141989387,6.711412662900221
9.277999891480327,0.7852957132936549,10.063295604773982
13.277999891480327,0.15173722686938262,13.42973711834971
16.277999891480327,0.5644167703406673,16.842416661820995
20.277999891480327,0.07556169916115607,20.353561590641483
14.277999891480327,0.8055323678930488,15.083532259373376
13.277999891480327,0.7243720480725884,14.002371939552916
8.277999891480327,0.9755444567050304,9.253544348185358
,,0.6824663075463517
,,0.0
,,0.0
,,0.0
,,1.1424634125522375
,,1.2554462963327804
2.2779998914803277,0.17458081411457682,2.4525807055949045
5.277999891480327,0.5525605149813071,5.830560406461634
18.277999891480327,0.23045564748786163,18.50845553896819
,,0.0
,,0.0
,,0.0
,,0.0
,,0.0
2.2779998914803277,0.2965909741698085,2.574590865650136
13.277999891480327,0.12391268143669443,13.401912572917022
11.277999891480327,0.07871442225181013,11.356714313732137
19.277999891480327,0.7498814365557962,20.027881328036123
29.277999891480327,0.7746463828518273,30.052646274332155
34.27799989148033,0.6587938207400725,34.9367937122204
43.27799989148033,1.9695421471251038,45.24754203860543
43.27799989148033,13.036432237840046,56.31443212932037
43.27799989148033,16.663145401609178,59.941145293089505
43.27799989148033,17.638909869519033,60.91690976099936
38.27799989148033,0.5943583005327184,38.872358192013046
43.27799989148033,11.330535641594558,54.608535533074885
41.27799989148033,0.922300430496847,42.200300321977174
43.27799989148033,5.577096279026236,48.85509617050656
43.27799989148033,1.2921823792217424,44.57018227070207
43.27799989148033,3.435264577269095,46.71326446874942
30.277999891480327,0.7886068888447646,31.066606780325092
25.277999891480327,0.3486265968626654,25.626626488342993
19.277999891480327,0.5078075434385916,19.78580743491892
1.2779998914803277,0.9263098881661298,2.2043097796464575
,,0.0
,,0.0
,,0.0
,,0.0
,,0.0
,,0.0
,,0.0
,,0.0
,,0.0
5.277999891480327,0.13260822811058404,5.410608119590911
11.277999891480327,0.0454935768621052,11.323493468342432
15.277999891480327,0.6608348928720336,15.93883478435236
16.277999891480327,0.6241286478405677,16.902128539320895
23.277999891480327,0.7313007064507211,24.00930059793105
30.277999891480327,0.8994960308180957,31.177495922298423
31.277999891480327,0.5088744202952817,31.78687431177561
37.27799989148033,0.7071748595553018,37.98517475103563
43.27799989148033,2.4135169021452825,45.69151679362561
43.27799989148033,11.68623892203238,54.96423881351271
43.27799989148033,11.19716772991989,54.47516762140022
43.27799989148033,2.260259226895961,45.53825911837629
38.27799989148033,0.9862813365438043,39.26428122802413
31.277999891480327,0.21981704841596894,31.497816939896296
22.277999891480327,0.25570075420170113,22.53370064568203
12.277999891480327,0.48927527429361106,12.767275165773938
13.277999891480327,0.3409107764903041,13.618910667970631
11.277999891480327,0.9404947645185118,12.218494655998839
8.277999891480327,0.5606737867616918,8.838673678242019
5.277999891480327,0.715025026850828,5.993024918331155
,,0.0
,,0.0
,,0.0
,,0.0
,,0.0
,,0.0
,,0.0
,,0.9916866328802967
6.277999891480327,0.5775779522818105,6.855577843762138
12.277999891480327,0.7856208894817627,13.06362078096209
18.277999891480327,0.9411325928890832,19.21913248436941
24.277999891480327,0.651180352162136,24.929180243642463
27.277999891480327,0.22096115241474124,27.49896104389507
26.277999891480327,0.27648121530276626,26.554481106783093
28.277999891480327,0.4745525766114511,28.75255246809178
20.277999891480327,0.11707056444430464,20.395070455924632
23.277999891480327,0.7092205022814007,23.987220393761728
23.277999891480327,0.78015966954829,24.058159561028617
24.277999891480327,0.8998771449105547,25.177877036390882
18.277999891480327,0.48277638593116734,18.760776277411495
17.277999891480327,0.8455210470988419,18.12352093857917
21.277999891480327,0.15442338365539854,21.432423275135726
11.277999891480327,0.20009651897409952,11.478096410454427
5.277999891480327,0.6392755931189553,5.9172754845992825
,,0.0
,,0.0
,,0.0
,,0.0
,,0.0
,,0.0
,,0.0
,,0.0
,,0.0
,,0.0
,,1.18924439639827
12.277999891480327,0.2845075254373004,12.562507416917628
19.277999891480327,0.6387516074759354,19.916751498956263
26.277999891480327,0.8597261838365178,27.137726075316845
33.27799989148033,0.7131799149379958,33.99117980641832
39.27799989148033,0.9681906139624488,40.246190505442776
43.27799989148033,0.16191936078036662,43.439919252260694
43.27799989148033,2.176650871275605,45.45465076275593
43.27799989148033,12.030382366138774,55.3083822576191
43.27799989148033,2.475090814242847,45.753090705723174
36.27799989148033,0.30926671658995275,36.58726660807028
37.27799989148033,0.1138999069678519,37.39189979844818
23.277999891480327,0.13471296952494782,23.412712861005275
12.277999891480327,0.8610068896583254,13.139006781138653
,,0.0
,,0.0
,,0.0
,,0.0
,,0.0
,,0.0
,,0.0
,,0.0
,,0.0
,,0.0
,,0.0
,,0.0
,,0.0
4.277999891480327,0.2307334245340602,4.508733316014387
10.277999891480327,0.9942538567018993,11.272253748182226
15.277999891480327,0.7040816193144401,15.982081510794767
12.277999891480327,0.007630357437479418,12.285630248917807
13.277999891480327,0.6292201571652072,13.907220048645534
16.277999891480327,0.4495788541971315,16.72757874567746
10.277999891480327,0.6470299916326123,10.92502988311294
7.277999891480327,0.8574711680697931,8.13547105955012
7.277999891480327,0.9756016099869029,8.25360150146723
5.277999891480327,0.5501056977857512,5.8281055892660785
4.277999891480327,0.2902561726302384,4.568256064110566
4.277999891480327,0.20976543056203845,4.487765322042366
,,0.7186716678572476
,,0.0
,,0.0
,,0.0
,,0.0
,,0.0
,,0.0
,,0.0
,,0.0
,,0.0
,,0.0
,,0.0
,,0.0
,,0.0
,,0.0
,,0.0
,,0.0
,,0.0
,,0.0
,,0.0
,,0.0
,,0.0
,,0.0
,,0.0
,,0.0
,,0.0
,,0.0
,,0.0
,,0.0
,,0.0
,,0.0
,,0.0
,,0.0
,,0.0
,,0.0
,,0.0
,,0.0
,,0.0
,,0.09357043198608726
4.277999891480327,0.07872790007228314,4.35672779155261
7.277999891480327,0.43148093834548984,7.709480829825817
10.277999891480327,0.8089473267558809,11.086947218236208
14.277999891480327,0.23960662884335093,14.517606520323678
16.277999891480327,0.17514065054615813,16.453140542026485
15.277999891480327,0.8017531663592834,16.07975305783961
16.277999891480327,0.42267796227330834,16.700677853753636
5.277999891480327,0.5214673509482415,5.799467242428569
9.277999891480327,0.6287441188714382,9.906744010351765
10.277999891480327,0.042814757976502804,10.32081464945683
12.277999891480327,0.9251462341784276,13.203146125658755
20.277999891480327,0.12146794687174278,20.39946783835207
8.277999891480327,0.7948095802240296,9.072809471704357
10.277999891480327,0.9025928661040759,11.180592757584403
9.277999891480327,0.22751926348619556,9.505519154966523
14.277999891480327,0.19666332121656183,14.474663212696889
18.277999891480327,0.14255934505688828,18.420559236537215
22.277999891480327,0.338073354105898,22.616073245586225
13.277999891480327,0.5160061260229796,13.794006017503307
18.277999891480327,0.486101393783148,18.764101285263475
14.277999891480327,0.6771516290129025,14.95515152049323
13.277999891480327,0.3028201292446244,13.580820020724952
21.277999891480327,0.5871220352170248,21.865121926697352
31.277999891480327,0.63379266608516,31.911792557565487
28.277999891480327,0.4226046015235667,28.700604493003894
21.277999891480327,0.4494960515562738,21.7274959430366
21.277999891480327,0.265015375267339,21.543015266747666
20.277999891480327,0.6794049791327232,20.95740487061305
19.277999891480327,0.7074599072419794,19.985459798722307
18.277999891480327,0.3738071196121062,18.651807011092433
18.277999891480327,0.20437722914899936,18.482377120629327
19.277999891480327,0.29650417641558846,19.574504067895916
14.277999891480327,0.19221790406538908,14.470217795545716
8.277999891480327,0.8169353317403001,9.094935223220627
1.2779998914803277,0.89025610417711,2.1682559956574377
,,0.0
,,0.0
,,0.0
,,0.0
,,0.0
,,0.0
,,0.0
,,0.0
,,0.0
,,0.0
,,0.0
,,0.0
,,0.0
,,0.0
,,0.0
,,0.0
,,0.0
,,0.0
,,0.0
,,0.0
1.2779998914803277,0.7073472743358229,1.9853471658161506
5.277999891480327,0.8582366428223036,6.136236534302631
9.277999891480327,0.2492454871485439,9.527245378628871
12.277999891480327,0.6061514837397652,12.884151375220092
15.277999891480327,0.9420655069082073,16.220065398388535
19.277999891480327,0.2899340429941759,19.567933934474503
22.277999891480327,0.7075231891446272,22.985523080624954
18.277999891480327,0.5360242622994917,18.81402415377982
,,0.0
13.277999891480327,0.4800533946879568,13.758053286168284
10.277999891480327,0.3258412822071204,10.603841173687448
5.277999891480327,0.661470753864636,5.939470645344963
,,0.0
,,0.0
,,0.0
,,0.0
,,0.0
,,0.0
,,0.0
,,0.0
,,0.0
,,0.0
,,0.0
,,0.0
,,0.0
,,0.0
,,0.0
,,0.0
,,0.0
,,0.0
,,0.0
,,0.0
,,0.0
,,0.0
,,0.0
,,0.0
,,0.0
,,0.0
,,0.0
,,0.0
,,0.0
,,0.0
,,0.0
,,0.0
,,0.0
4.277999891480327,0.9746824434828394,5.252682334963167
10.277999891480327,0.31344077599245246,10.59144066747278
15.277999891480327,0.8017492213502742,16.0797491128306
21.277999891480327,0.4983145775702802,21.776314469050607
27.277999891480327,0.4536298357752244,27.73162972725555
33.27799989148033,0.7051534892950002,33.98315338077533
40.27799989148033,0.2709404718050834,40.54894036328541
43.27799989148033,4.141787726625843,47.41978761810617
29.277999891480327,0.5314880560192528,29.80948794749958
30.277999891480327,0.6654357171716576,30.943435608651985
43.27799989148033,4.946056573475644,48.22405646495597
38.27799989148033,0.9980096650670873,39.276009556547415
27.277999891480327,0.9003687331457648,28.178368624626092
37.27799989148033,0.2249277430847627,37.50292763456509
24.277999891480327,0.46425863791913713,24.742258529399464
26.277999891480327,0.8301074213614861,27.108107312841813
25.277999891480327,0.9862002752315142,26.26420016671184
15.277999891480327,0.6839395141956306,15.961939405675958
16.277999891480327,0.7250758454773809,17.003075736957708
14.277999891480327,0.6216802126350363,14.899680104115363
7.277999891480327,0.8824154958804566,8.160415387360784
3.2779998914803277,0.9499790929196572,4.227978984399985
10.277999891480327,0.11381223848034416,10.391812129960671
3.2779998914803277,0.2686904276112063,3.546690319091534
,,0.0
,,0.0
,,0.0
,,0.0
,,0.0
,,0.0
,,0.0
,,0.0
,,0.0
,,0.0
,,0.0
,,0.0
,,0.0
,,0.0
,,0.0
,,0.0
,,1.0694916670976444
,,0.5741761500588394
2.2779998914803277,0.6153639015560186,2.8933637930363463
6.277999891480327,0.301168670383265,6.579168561863592
,,0.0
,,0.0
,,0.0
,,0.0
,,0.0
,,0.0
,,0.0
,,0.0
,,0.0
,,0.0
,,0.0
,,0.0
,,0.0
,,0.0
,,0.0
,,0.0
,,0.0
,,0.0
,,0.0
,,1.2312590738110256
4.277999891480327,0.8603773181766279,5.138377209656955
7.277999891480327,0.15686447388925018,7.434864365369577
5.277999891480327,0.9345333288791569,6.212533220359484
11.277999891480327,0.2829203874234665,11.560920278903794
9.277999891480327,0.36537533046836224,9.64337522194869
9.277999891480327,0.46697411451933313,9.74497400599966
13.277999891480327,0.18157122477449228,13.45957111625482
19.277999891480327,0.5096155974188932,19.78761548889922
21.277999891480327,0.7093808863344755,21.987380777814803
21.277999891480327,0.8882399189020411,22.16623981038237
20.277999891480327,0.37420861386046056,20.652208505340788
19.277999891480327,0.7751704626610803,20.053170354141407
18.277999891480327,0.7096810700880596,18.987680961568387
20.277999891480327,0.09999853622870347,20.37799842770903
20.277999891480327,0.5058351458200754,20.783835037300403
18.277999891480327,0.6683071201219732,18.9463070116023
17.277999891480327,0.45049284106232435,17.72849273254265
13.277999891480327,0.8316671866275858,14.109667078107913
9.277999891480327,0.8697997820924019,10.14779967357273
7.277999891480327,0.7780420188131938,8.056041910293521
6.277999891480327,0.6308167227429227,6.90881661422325
5.277999891480327,0.44325841056490045,5.721258302045228
4.277999891480327,0.23026120132122063,4.508261092801548
3.2779998914803277,0.0070601410187931535,3.285060032499121
7.277999891480327,0.9689611594172263,8.246961050897553
2.2779998914803277,0.6415347575761743,2.919534649056502
1.2779998914803277,0.418160667231662,1.6961605587119897
,,0.0
,,0.0
,,0.0
,,0.0
,,0.0
,,0.0
,,0.0
,,0.0
,,0.0
,,0.0
,,0.0
,,0.0
,,0.0
,,0.0
,,0.0
,,0.0
,,0.0
,,0.0
,,0.0
,,0.0
,,0.0
,,0.0
,,0.0
,,0.0
,,0.0
,,0.0
,,0.0
,,0.0
,,0.0
,,0.0
3.2779998914803277,0.07031351237321504,3.3483134038535427
6.277999891480327,0.41824853593295686,6.696248427413284
9.277999891480327,0.7740138327245205,10.052013724204848
11.277999891480327,0.9123060225180843,12.190305913998412
4.277999891480327,0.7088683142231016,4.986868205703429
3.2779998914803277,0.9989887077195552,4.276988599199883
1.2779998914803277,0.6862893784914412,1.964289269971769
,,0.0
,,0.0
,,0.0
,,0.0
,,0.0
,,0.0
,,0.0
,,0.0
,,0.0
,,1.2241922815997726
,,0.0
,,0.0
,,0.0
,,0.0
,,1.0609850119611908
1.2779998914803277,0.9891360741278179,2.2671359656081456
4.277999891480327,0.6532188281952713,4.9312187196755985
6.277999891480327,0.8503453105004883,7.128345201980816
10.277999891480327,0.11595542996035313,10.39395532144068
9.277999891480327,0.6974201063082699,9.975419997788597
13.277999891480327,0.42958329587964883,13.707583187359976
13.277999891480327,0.1185308725701848,13.396530764050512
8.277999891480327,0.06221734424083536,8.340217235721163
8.277999891480327,0.8520062353545104,9.130006126834838
12.277999891480327,0.3509376697557478,12.628937561236075
13.277999891480327,0.2895822464511273,13.567582137931455
14.277999891480327,0.19718849450241116,14.475188385982738
12.277999891480327,0.14507830792220844,12.423078199402536
11.277999891480327,0.7406979761860608,12.018697867666388
12.277999891480327,0.1471558374928037,12.425155728973131
14.277999891480327,0.3968348568331752,14.674834748313502
22.277999891480327,0.889337064942346,23.167336956422673
28.277999891480327,0.4520747729942798,28.730074664474607
24.277999891480327,0.31338820028383196,24.59138809176416
20.277999891480327,0.40292717678033085,20.680927068260658
20.277999891480327,0.47382645912092514,20.751826350601252
4.277999891480327,0.676950788993361,4.954950680473688
,,0.0
,,0.0
,,0.0
,,0.0
,,0.0
,,0.0
,,0.0
,,0.0
,,0.0
,,0.0
,,0.0
,,0.0
,,0.0
,,0.0
,,0.0
,,0.0
,,0.0
,,0.0
,,0.0
,,0.0
,,0.0
,,0.0
,,0.0
,,0.0
,,0.0
,,0.0
,,0.0
,,0.0
,,0.0
,,0.0
,,0.0
,,0.0
,,0.0
2.2779998914803277,0.17446387160181098,2.4524637630821386
6.277999891480327,0.11182736446505803,6.389827255945385
13.277999891480327,0.20953051102935305,13.48753040250968
13.277999891480327,0.541883176952668,13.819883068432995
15.277999891480327,0.9259807562571538,16.20398064773748
13.277999891480327,0.08266483419471804,13.360664725675045
12.277999891480327,0.711309753000684,12.989309644481011
20.277999891480327,0.35951230641537535,20.637512197895703
21.277999891480327,0.3827002888044504,21.660700180284778
16.277999891480327,0.2482005326575809,16.526200424137908
14.277999891480327,0.494077084304843,14.77207697578517
13.277999891480327,0.264227465230082,13.54222735671041
13.277999891480327,0.8060331153202682,14.084033006800595
9.277999891480327,0.014521688635214858,9.292521580115542
2.2779998914803277,0.7900172261207463,3.068017117601074
2.2779998914803277,0.6758889672066672,2.953888858686995
,,0.0
,,0.0
,,0.0
,,0.0
,,0.0
,,0.0
,,0.0
,,0.0
,,0.0
,,0.0
,,0.0
,,0.0
,,0.0
,,0.0
,,0.0
,,0.0
,,0.0
,,0.0
,,0.0
,,0.0
,,0.0
,,0.0
,,0.0
,,0.0
,,0.0
,,0.0
,,0.0
,,0.0
,,0.0
,,0.0
,,0.0
,,0.0
,,0.4025285967878021
1.2779998914803277,0.3394897846574807,1.6174896761378084
,,0.7662650517474515
3.2779998914803277,0.49164818257361187,3.7696480740539395
7.277999891480327,0.350942745972743,7.62894263745307
6.277999891480327,0.5212047361141652,6.799204627594492
8.277999891480327,0.6005086336418444,8.878508525122172
3.2779998914803277,0.1679610222574892,3.445960913737817
8.277999891480327,0.5507508540329251,8.828750745513252
,,0.0
,,0.0
,,0.0
10.277999891480327,0.7155380334801205,10.993537924960448
6.277999891480327,0.6095384965715667,6.887538388051894
6.277999891480327,0.8812034408657645,7.159203332346092
12.277999891480327,0.5768482458810773,12.854848137361405
10.277999891480327,0.5767648683229023,10.85476475980323
2.2779998914803277,0.5706289087260425,2.84862880020637
,,0.21028120026627062
10.277999891480327,0.03009312160404498,10.308093013084372
11.277999891480327,0.35878417003297436,11.636784061513302
8.277999891480327,0.7347648403542362,9.012764731834563
,,0.0
,,0.3999163001713908
,,0.0
,,0.0
,,0.0
,,0.0
,,0.0
,,0.0
,,0.0
,,0.0
,,0.27798625471412214
,,0.0
,,0.24654310813759064
4.277999891480327,0.7651864031067257,5.043186294587053
11.277999891480327,0.574784628696456,11.852784520176783
16.277999891480327,0.5645097912537693,16.842509682734097
20.277999891480327,0.8164072600353656,21.094407151515693
15.277999891480327,0.6862321284173163,15.964232019897644
21.277999891480327,0.3647944813873423,21.64279437286767
24.277999891480327,0.27844611068730174,24.55644600216763
23.277999891480327,0.506193935354915,23.784193826835242
28.277999891480327,0.529758964332796,28.807758855813123
27.277999891480327,0.9540646081031028,28.23206449958343
27.277999891480327,0.6330242824477388,27.911024173928066
24.277999891480327,0.4626080902867855,24.740607981767113
25.277999891480327,0.028120941442164593,25.306120832922492
20.277999891480327,0.6710964981372491,20.949096389617576
19.277999891480327,0.17207698636105917,19.450076877841386
16.277999891480327,0.1932071408606042,16.47120703234093
16.277999891480327,0.4338045112401012,16.71180440272043
14.277999891480327,0.1834068119019978,14.461406703382325
9.277999891480327,0.3474601884997437,9.625460079980071
4.277999891480327,0.3789539246189104,4.656953816099238
5.277999891480327,0.10202678451869396,5.380026675999021
2.2779998914803277,0.4124679195612049,2.6904678110415325
,,0.0
,,0.0
,,0.0
,,0.0
,,0.0
,,0.0
,,0.0
,,0.0
,,0.0
,,0.0
,,0.0
,,0.0
,,0.0
,,0.0
,,0.0
,,0.0
2.2779998914803277,0.6872706806746534,2.965270572154981
6.277999891480327,0.6621340983753665,6.940133989855694
10.277999891480327,0.2057258655523615,10.483725757032689
13.277999891480327,0.6587428375195135,13.93674272899984
14.277999891480327,0.06321473997823723,14.341214631458564
6.277999891480327,0.9873193364055721,7.265319227885899
1.2779998914803277,0.2638927497306436,1.5418926412109712
2.2779998914803277,0.7386899380710119,3.0166898295513396
3.2779998914803277,0.6286610634704335,3.906660954950761
4.277999891480327,0.7062238096724691,4.984223701152796
4.277999891480327,0.10179424882605215,4.379794140306379
10.277999891480327,0.6461520147876545,10.924151906267982
8.277999891480327,0.5037924244779592,8.781792315958286
3.2779998914803277,0.8993070468489308,4.1773069383292585
,,0.0
,,0.0
2.2779998914803277,0.30096316281510127,2.578963054295429
,,0.0
,,0.0
,,0.0
,,0.0
,,0.4891721105224096
4.277999891480327,0.037713128793765094,4.315713020274092
5.277999891480327,0.6020438470876757,5.880043738568003
5.277999891480327,0.9782673815722118,6.256267273052539
1.2779998914803277,0.7221754766687227,2.0001753681490504
8.277999891480327,0.5466403499269301,8.824640241407257
10.277999891480327,0.8984686782824944,11.176468569762822
12.277999891480327,0.04492314090821736,12.322923032388545
13.277999891480327,0.06794528044459902,13.345945171924926
13.277999891480327,0.9522415096321559,14.230241401112483
14.277999891480327,0.6846420182827657,14.962641909763093
16.277999891480327,0.4197471415144918,16.69774703299482
20.277999891480327,0.44657485090432303,20.72457474238465
22.277999891480327,0.20740008152212397,22.48539997300245
35.27799989148033,0.4785719644845514,35.75657185596488
30.277999891480327,0.29950953307004013,30.577509424550367
30.277999891480327,0.8229743913064382,31.100974282786765
31.277999891480327,0.011409517822084325,31.28940940930241
16.277999891480327,0.7027880374240993,16.980787928904427
23.277999891480327,0.6798138799724533,23.95781377145278
19.277999891480327,0.5689009096954969,19.846900801175824
16.277999891480327,0.4485460473107743,16.7265459387911
8.277999891480327,0.8289861322224148,9.106986023702742
5.277999891480327,0.21820951166042857,5.496209403140756
5.277999891480327,0.6871988827341129,5.96519877421444
2.2779998914803277,0.06232405897954596,2.3403239504598736
,,0.0
,,0.0
,,0.0
,,0.0
,,0.0
,,0.0
,,0.0
,,0.0
,,0.0
,,0.0
,,0.0
,,0.0
,,0.0
,,0.0
,,0.0
,,0.0
,,0.0
,,0.0
,,0.0
,,0.0
,,0.0
,,0.0
,,0.0
,,0.0
,,0.0
,,0.0
,,0.0
6.277999891480327,0.8504088598670592,7.128408751347386
15.277999891480327,0.08671362812990857,15.364713519610236
15.277999891480327,0.5397676125633808,15.817767504043708
13.277999891480327,0.9976020054475345,14.275601896927862
15.277999891480327,0.8937700527414769,16.171769944221804
16.277999891480327,0.9055783252574017,17.18357821673773
17.277999891480327,0.8708116347601589,18.148811526240486
20.277999891480327,0.8582846259382215,21.13628451741855
24.277999891480327,0.09830168301764886,24.376301574497976
25.277999891480327,0.317017093902102,25.59501698538243
21.277999891480327,0.7340888901611393,22.012088781641467
15.277999891480327,0.24783082041952476,15.525830711899852
17.277999891480327,0.24033003724589008,17.518329928726217
16.277999891480327,0.9352722530302913,17.21327214451062
16.277999891480327,0.4580199726335543,16.73601986411388
20.277999891480327,0.4935442126374312,20.77154410411776
16.277999891480327,0.38417853004192537,16.662178421522253
20.277999891480327,0.2572571304322082,20.535257021912535
12.277999891480327,0.08212651397026782,12.360126405450595
10.277999891480327,0.6857223729131903,10.963722264393517
9.277999891480327,0.18342393340901886,9.461423824889346
5.277999891480327,0.22968304306059117,5.507682934540918
,,0.0
,,0.0
,,0.0
,,0.0
,,0.0
,,0.0
,,0.13274198729663456
,,0.0
,,0.0
,,0.0
,,0.0
,,0.5203128549716813
,,0.0
,,0.0
,,0.0
,,0.0
,,0.0
,,0.0
,,0.0
,,0.0
,,0.0
,,0.0
,,0.0
,,0.0
,,0.0
,,0.0
,,0.0
9.277999891480327,0.18568953913382558,9.463689430614153
11.277999891480327,0.9429471528980251,12.220947044378352
11.277999891480327,0.3211251377178055,11.599125029198133
11.277999891480327,0.7056383183535431,11.98363820983387
8.277999891480327,0.4742176885447744,8.752217580025102
14.277999891480327,0.2414863184286382,14.519486209908965
13.277999891480327,0.09680019225196546,13.374800083732293
14.277999891480327,0.04758162340994687,14.325581514890274
11.277999891480327,0.337526276609708,11.615526168090035
11.277999891480327,0.800349729562571,12.078349621042898
9.277999891480327,0.8289071912269588,10.106907082707286
12.277999891480327,0.08058088949442421,12.358580780974751
14.277999891480327,0.23518451902362258,14.51318441050395
15.277999891480327,0.21882949179823008,15.496829383278557
14.277999891480327,0.9823167042535683,15.260316595733896
12.277999891480327,0.3695812804510492,12.647581171931376
12.277999891480327,0.832621155214607,13.110621046694934
13.277999891480327,0.2073171447466855,13.485317036227013
9.277999891480327,0.15190969024451384,9.429909581724841
8.277999891480327,0.15264011395525579,8.430640005435583
10.277999891480327,0.24194972333638987,10.519949614816717
12.277999891480327,0.38745598861312835,12.665455880093456
7.277999891480327,0.048604868077489094,7.326604759557816
3.2779998914803277,0.7211126966994104,3.999112588179738
,,0.0
,,0.0
,,0.0
,,0.0
,,1.1259173159283995
,,1.1100538638358068
7.277999891480327,0.19254942932740704,7.470549320807734
5.277999891480327,0.5854160373842996,5.863415928864627
2.2779998914803277,0.8853392237066067,3.1633391151869343
,,0.0
,,0.0
,,0.0
,,0.0
,,0.0
,,0.0
,,0.0
,,0.0
,,0.0
,,0.0
,,0.0
,,0.0
,,0.0
,,0.0
,,0.0
,,0.0
1.2779998914803277,0.9397986756782033,2.217798567158531
,,0.0
,,0.0
,,0.4279547084883832
,,0.0
6.277999891480327,0.34598608510749695,6.623985976587824
9.277999891480327,0.7673981694605292,10.045398060940856
10.277999891480327,0.23977038540412643,10.517770276884454
1.2779998914803277,0.19381280463110606,1.4718126961114337
,,0.0
,,0.0
,,0.0
,,0.0
,,0.0
,,0.0
,,0.0
,,0.0
,,0.0
,,0.0
,,0.0
,,0.0
2.2779998914803277,0.20610852985207684,2.4841084213324045
9.277999891480327,0.10030290429446964,9.378302795774797
15.277999891480327,0.04730574479895466,15.325305636279282
21.277999891480327,0.12583732870687925,21.403837220187206
27.277999891480327,0.36379569001173806,27.641795581492065
24.277999891480327,0.903438673356181,25.181438564836508
17.277999891480327,0.8948698762940772,18.172869767774404
21.277999891480327,0.98693636284818,22.264936254328507
20.277999891480327,0.9626187540157893,21.240618645496117
20.277999891480327,0.32262694112550605,20.600626832605833
22.277999891480327,0.31096932330998683,22.588969214790314
28.277999891480327,0.7222035588722306,29.000203450352558
33.27799989148033,0.912456048123147,34.190455939603474
28.277999891480327,0.5776625901940982,28.855662481674425
21.277999891480327,0.9480248798033841,22.22602477128371
18.277999891480327,0.0545474060973703,18.332547297577698
14.277999891480327,0.9298597856058084,15.207859677086136
12.277999891480327,0.717868900773249,12.995868792253576
11.277999891480327,0.5046854039562607,11.782685295436588
1.2779998914803277,0.024750148027881114,1.3027500395082088
6.277999891480327,0.2714353563966796,6.549435247877007
3.2779998914803277,0.731309704139306,4.009309595619634
1.2779998914803277,0.21065930867651583,1.4886592001568435
,,1.1508687441456689
,,0.0
,,0.0
,,0.0
,,0.0
,,0.0
,,0.0
,,0.0
,,0.0
1.2779998914803277,0.5021699977671739,1.7801698892475015
,,0.0
,,0.0
,,0.0
,,0.0
,,0.0
,,0.0
,,0.0
,,0.7920906969285202
,,0.0
,,0.0
,,0.0
,,0.0
,,0.0
,,0.0
,,0.0
,,0.0
,,0.0
,,0.0
,,0.0
,,0.0
,,0.0
,,0.0
1.2779998914803277,0.229436826493866,1.5074367179741937
,,0.0
,,0.0
,,0.0
,,0.0
,,0.0
,,0.0
,,0.0
,,0.0
,,0.0
,,0.0
,,0.0
,,0.0
,,0.0
,,0.0
,,0.0
,,0.0
,,0.0
,,0.0
,,0.0
,,0.0
,,0.0
,,0.0
,,0.0
,,0.0
,,0.0
,,0.0
,,0.0
,,0.0
,,0.0
,,0.0
,,0.0
,,0.0
,,0.0
,,0.0
,,0.0
,,0.0
,,0.0
,,1.0044082643527985
5.277999891480327,0.6562606885180564,5.934260579998384
12.277999891480327,0.10556198530944094,12.383561876789768
17.277999891480327,0.8996417978181377,18.177641689298465
23.277999891480327,0.8845696272710235,24.16256951875135
28.277999891480327,0.37494360702997653,28.652943498510304
19.277999891480327,0.5549815689452835,19.83298146042561
21.277999891480327,0.6760101509735605,21.954010042453888
26.277999891480327,0.8116462858042368,27.089646177284564
23.277999891480327,0.28909420627865146,23.56709409775898
22.277999891480327,0.8280727760975921,23.10607266757792
21.277999891480327,0.947134834513129,22.225134725993456
22.277999891480327,0.8761573646344267,23.154157256114754
24.277999891480327,0.8215733632455908,25.099573254725918
18.277999891480327,0.5634452663199063,18.841445157800234
21.277999891480327,0.9869676238209983,22.264967515301326
20.277999891480327,0.7993028423657087,21.077302733846036
19.277999891480327,0.2925963409429535,19.57059623242328
10.277999891480327,0.3915173102648897,10.669517201745217
7.277999891480327,0.018965400765327267,7.2969652922456545
5.277999891480327,0.8132941524998349,6.091294043980162
10.277999891480327,0.04755335945300487,10.325553250933332
1.2779998914803277,0.20739562809640932,1.485395519576737
,,0.0
,,0.0
,,0.0
,,0.0
,,0.0
,,0.0
,,0.0
,,0.0
,,0.0
,,0.0
,,0.0
,,0.0
,,0.0
,,0.0
,,0.020174813600798272
,,0.0
,,0.0
,,0.0
,,0.0
,,0.0
,,0.0
,,0.0
,,0.0
,,0.0
,,0.0
,,0.0
,,0.020049629143067054
,,0.36965288019174797
1.2779998914803277,0.9752856191347332,2.253285510615061
7.277999891480327,0.5666584704753195,7.844658361955647
10.277999891480327,0.1729561284564376,10.450956019936765
11.277999891480327,0.38108429510584685,11.659084186586174
3.2779998914803277,0.3057299176115964,3.583729809091924
,,0.0
5.277999891480327,0.27517671791393816,5.553176609394265
10.277999891480327,0.11412891482017962,10.392128806300507
9.277999891480327,0.3828933321128858,9.660893223593213
2.2779998914803277,0.12133559643377811,2.399335487914106
,,0.0
,,0.0
,,0.0
,,0.0
,,0.9897937563924906
,,0.0
1.2779998914803277,0.6213924874415144,1.899392378921842
1.2779998914803277,0.32659509492149086,1.6045949864018185
,,0.398609936552818
,,0.0
,,0.0
,,0.19696025418932456
3.2779998914803277,0.09167109007339169,3.3696709815537194
4.277999891480327,0.3800658289056589,4.658065720385986
3.2779998914803277,0.6302807525550818,3.9082806440354094
7.277999891480327,0.16957651816483832,7.4475764096451655
6.277999891480327,0.4921169436518964,6.770116835132224
9.277999891480327,0.06191821989122914,9.339918111371556
8.277999891480327,0.3290523434541548,8.607052234934482
8.277999891480327,0.5860581600574282,8.864058051537755
9.277999891480327,0.8520562661890612,10.130056157669388
9.277999891480327,0.904370751355982,10.18237064283631
10.277999891480327,0.9194165243093231,11.19741641578965
12.277999891480327,0.9290126998749457,13.207012591355273
10.277999891480327,0.3818764351346182,10.659876326614945
13.277999891480327,0.09504170547230473,13.373041596952632
10.277999891480327,0.24757200322505035,10.525571894705378
9.277999891480327,0.3386352417883689,9.616635133268696
5.277999891480327,0.21471765508718654,5.492717546567514
3.2779998914803277,0.10472427186278699,3.3827241633431147
,,0.0
,,0.0
,,0.0
,,0.0
,,0.0
,,0.0
,,0.0
,,0.0
,,0.0
,,0.0
,,0.0
,,0.0
,,0.0
,,0.0
,,0.0
,,0.0
,,0.0
,,0.0
,,0.0
,,0.0
,,0.0
,,0.0
,,0.0
,,0.0
,,0.0
2.2779998914803277,0.5589695058350026,2.8369693973153303
9.277999891480327,0.5818370502684189,9.859836941748746
15.277999891480327,0.5394096367131809,15.817409528193508
21.277999891480327,0.4004378559520383,21.678437747432366
27.277999891480327,0.11536567012265309,27.39336556160298
32.27799989148033,0.6213977106802346,32.89939760216056
29.277999891480327,0.7086905971763571,29.986690488656684
26.277999891480327,0.11468461198106183,26.39268450346139
12.277999891480327,0.6242304694832654,12.902230360963593
2.2779998914803277,0.20234134954292715,2.480341241023255
1.2779998914803277,0.1973238662778365,1.4753237577581642
,,0.0
,,0.0
,,0.0
,,0.0
,,0.0
,,0.0
,,0.0
,,0.0
,,0.0
,,0.0
,,0.0
,,0.0
,,0.0
,,0.0
,,0.0
,,0.0
,,0.0
,,0.03890562888765449
,,0.9469659488050874
2.2779998914803277,0.8878065525393293,3.165806444019657
8.277999891480327,0.12205210192460392,8.400051993404931
13.277999891480327,0.38899869157446254,13.66699858305479
10.277999891480327,0.9182538091536898,11.196253700634017
4.277999891480327,0.7446488766458419,5.022648768126169
,,0.5871508466464751
,,0.0
,,0.4924389182699217
,,0.7272302078821727
,,0.0
3.2779998914803277,0.2275828948281462,3.505582786308474
6.277999891480327,0.9591602357077322,7.2371601271880595
7.277999891480327,0.25074411369092076,7.528744005171248
8.277999891480327,0.25178062809167123,8.529780519571998
4.277999891480327,0.3516877111505545,4.629687602630882
5.277999891480327,0.8713100833785861,6.149309974858913
,,0.0
,,0.0
,,0.0
,,0.0
,,0.0
,,0.0
,,0.0
,,0.0
,,0.0
,,0.0
,,0.0
,,0.0
,,0.0
,,0.0
,,0.0
,,0.0
1.2779998914803277,0.30977065731532605,1.5877705487956537
,,0.7046427331748296
1.2779998914803277,0.16080317805565425,1.438803069535982
,,0.0
,,0.0
,,0.0
,,0.0
,,0.0
,,0.0
,,0.0
,,0.0
,,0.0
,,0.0
,,0.0
,,0.0
,,0.0
,,0.0
,,0.0
,,0.0
,,0.0
,,0.0
,,0.5691822106628993
,,0.1714431953012254
,,0.17339289161865667
,,0.17534173717787954
,,0.17728969276008635
,,0.6724159953455174
1.2779998914803277,0.9600524898077105,2.238052381288038
2.2779998914803277,0.09836493990251416,2.376364831382842
2.2779998914803277,0.7420305679711974,3.020030459451525
4.277999891480327,0.3615905389987777,4.639590430479105
7.277999891480327,0.020261687634246073,7.298261579114573
10.277999891480327,0.2431161683057912,10.521116059786118
4.277999891480327,0.6832392945062882,4.961239185986615
,,0.0
,,0.0
,,0.0
6.277999891480327,0.8798482477228378,7.157848139203165
13.277999891480327,0.28647964577183593,13.564479537252163
21.277999891480327,0.8161827354544648,22.094182626934792
27.277999891480327,0.0512215906685185,27.329221482148846
27.277999891480327,0.7861442787628867,28.064144170243214
22.277999891480327,0.1876354376665752,22.465635329146902
17.277999891480327,0.5463331198841281,17.824333011364455
14.277999891480327,0.861604715765413,15.13960460724574
19.277999891480327,0.5821042550277049,19.860104146508032
18.277999891480327,0.6288734602430637,18.90687335172339
18.277999891480327,0.38155471743935365,18.65955460891968
17.277999891480327,0.9105916311555298,18.188591522635857
14.277999891480327,0.05207572439710262,14.33007561587743
8.277999891480327,0.8822061669804722,9.1602060584608
8.277999891480327,0.5000434954994493,8.778043386979776
12.277999891480327,0.9096069058810823,13.18760679736141
12.277999891480327,0.5154881973972696,12.793488088877597
12.277999891480327,0.018296628197020937,12.296296519677348
11.277999891480327,0.42341629005841064,11.701416181538738
10.277999891480327,0.7373076790075697,11.015307570487897
14.277999891480327,0.9793883032247095,15.257388194705037
10.277999891480327,0.30163996148843353,10.57963985296876
12.277999891480327,0.4327802180546332,12.71078010953496
9.277999891480327,0.4936413793014669,9.771641270781794
9.277999891480327,0.46792881411943554,9.745928705599763
9.277999891480327,0.42218673132032514,9.700186622800652
6.277999891480327,0.1843955886752351,6.462395480155562
3.2779998914803277,0.8931374503038447,4.171137341784172
4.277999891480327,0.7172017104249209,4.995201601905248
2.2779998914803277,0.4094488261057778,2.6874487175861055
7.277999891480327,0.6596013243903647,7.937601215870692
6.277999891480327,0.5845642186066007,6.862564110086928
2.2779998914803277,0.045693956269055036,2.3236938477493827
3.2779998914803277,0.22843275239947403,3.5064326438798017
,,0.0
,,0.0
,,0.0
,,0.0
,,0.0
,,0.0
,,0.0
,,0.0
,,0.0
,,0.0
,,0.0
,,0.0
,,0.0
,,0.0
,,0.0
,,0.0
,,0.0
,,0.0
,,0.0
,,0.0
,,0.0
,,0.0
,,0.0
,,0.0
,,0.0
,,0.0
,,0.0
,,0.0
,,0.0
,,0.0
,,0.0
,,0.0
,,0.0
,,0.0
,,0.0
,,0.0
,,0.44242792231435635
4.277999891480327,0.598142010499978,4.876141901980305
7.277999891480327,0.9758758928008611,8.253875784281188
11.277999891480327,0.401144868299669,11.679144759779996
5.277999891480327,0.4229178055543823,5.7009176970347095
6.277999891480327,0.9953435844000955,7.273343475880423
6.277999891480327,0.689570557815955,6.967570449296282
6.277999891480327,0.1520355463093912,6.430035437789718
4.277999891480327,0.6298852585589607,4.907885150039288
2.2779998914803277,0.06530936917891061,2.3433092606592383
4.277999891480327,0.48141657732757803,4.759416468807905
1.2779998914803277,0.8027105042071621,2.0807103956874897
,,0.0
,,1.0388949836397303
,,0.0
,,0.0
,,0.0
,,0.0
,,0.0
,,0.0
,,0.0
,,0.0
,,0.0
,,0.0
,,0.0
,,0.0
,,0.0
,,0.0
,,0.0
,,0.0
,,0.0
,,0.0
,,0.0
,,0.0
,,0.0
,,0.0
,,0.0
,,0.0
,,0.0
,,0.0
,,0.0
,,0.0
,,0.0
,,0.0
,,0.0
,,0.0
,,0.0
,,0.0
,,0.0
,,0.0
,,0.0
,,0.0
4.277999891480327,0.38426857764278566,4.662268469123113
8.277999891480327,0.7174841368386549,8.995484028318982
12.277999891480327,0.2765169403567693,12.554516831837097
17.277999891480327,0.6568087528514894,17.934808644331817
21.277999891480327,0.7895462094025234,22.06754610088285
24.277999891480327,0.8946526155338148,25.172652507014142
10.277999891480327,0.6792233936418377,10.957223285122165
14.277999891480327,0.48655731991116724,14.764557211391494
32.27799989148033,0.010768297972298058,32.288768189452625
20.277999891480327,0.14264176551535002,20.420641656995677
18.277999891480327,0.4986830715072301,18.776682962987557
13.277999891480327,0.4636574613000235,13.74165735278035
8.277999891480327,0.9644374107033435,9.24243730218367
7.277999891480327,0.055758394859662275,7.3337582863399895
6.277999891480327,0.8280502757007238,7.106050167181051
7.277999891480327,0.3790118342162634,7.657011725696591
6.277999891480327,0.20341365738392447,6.481413548864252
,,0.0
,,0.0
7.277999891480327,0.6502098199595139,7.928209711439841
9.277999891480327,0.427966506278759,9.705966397759086
9.277999891480327,0.378868789127802,9.65686868060813
10.277999891480327,0.6862057231697971,10.964205614650124
15.277999891480327,0.19276783632018812,15.470767727800515
23.277999891480327,0.4119596976682658,23.689959589148593
25.277999891480327,0.2767584354027903,25.554758326883118
22.277999891480327,0.8020798037827461,23.080079695263073
9.277999891480327,0.3007623740816836,9.57876226556201
4.277999891480327,0.6561696420636096,4.934169533543937
4.277999891480327,0.5815028188169986,4.859502710297326
,,0.0
,,0.0
,,0.0
,,0.0
,,1.1867524236617946
13.277999891480327,0.9201405981042949,14.198140489584622
16.277999891480327,0.489063754032248,16.767063645512575
14.277999891480327,0.611904935375108,14.889904826855435
12.277999891480327,0.9613001890322561,13.239300080512583
6.277999891480327,0.7924414594004778,7.070441350880805
,,0.37715767187285687
,,0.0
,,0.0
,,0.0
,,0.0
,,0.0
,,0.0
,,0.0
,,0.0
,,0.0
,,0.0
,,0.0
,,0.0
,,0.0
,,0.0
,,0.0
1.2779998914803277,0.04842150911006815,1.3264214005903958
4.277999891480327,0.2948867742599903,4.5728866657403175
,,0.0
,,0.0
5.277999891480327,0.9657352018713024,6.24373509335163
9.277999891480327,0.6544875077484686,9.932487399228796
13.277999891480327,0.6621932451171126,13.94019313659744
19.277999891480327,0.28020967080406933,19.558209562284397
16.277999891480327,0.7228740082542586,17.000873899734586
16.277999891480327,0.24933718816960493,16.527337079649932
15.277999891480327,0.5424188662743816,15.820418757754709
17.277999891480327,0.12342607103830616,17.401425962518633
18.277999891480327,0.5758454587931396,18.853845350273467
15.277999891480327,0.9651304908961329,16.24313038237646
14.277999891480327,0.25620714386753995,14.534207035347867
16.277999891480327,0.03371169536573859,16.311711586846066
16.277999891480327,0.3529207639014551,16.630920655381782
18.277999891480327,0.9815556223765753,19.259555513856903
22.277999891480327,0.8380579145012561,23.116057805981583
12.277999891480327,0.4459054054798468,12.723905296960174
10.277999891480327,0.45065214966400013,10.728652041144327
10.277999891480327,0.7079447421714491,10.985944633651776
18.277999891480327,0.19809125016035267,18.47609114164068
19.277999891480327,0.7583745207624233,20.03637441224275
17.277999891480327,0.41231651985106055,17.690316411331388
13.277999891480327,0.4927502645038544,13.770750155984182
10.277999891480327,0.5936939083578139,10.871693799838141
6.277999891480327,0.29341499978832086,6.571414891268648
,,0.0
,,0.0
3.2779998914803277,0.18289215988780372,3.4608920513681314
3.2779998914803277,0.917154333317328,4.195154224797656
4.277999891480327,0.7577459143276455,5.035745805807973
3.2779998914803277,0.21793239069234538,3.495932282172673
3.2779998914803277,0.03337015161172152,3.311370043092049
,,0.0
,,0.0
,,0.0
,,0.0
,,0.0
,,0.0
,,0.0
,,0.0
,,0.0
,,0.0
,,0.0
,,0.0
,,0.0
,,0.0
,,0.0
,,0.0
,,0.0
,,0.0
,,0.0
,,0.0
,,0.0
,,0.0
,,0.0
,,0.0
,,0.0
,,0.0
,,0.0
,,0.0
,,0.0
,,0.0
,,0.0
,,0.0
,,0.0
,,0.0
,,0.0
,,0.0
,,0.0
,,0.0
,,0.0
,,0.0
,,0.0
,,0.0
,,0.0
,,0.0
,,0.0
,,0.0
,,0.0
,,0.0
,,0.0
,,0.0
,,0.0
,,0.0
3.2779998914803277,0.1648197325234504,3.442819624003778
6.277999891480327,0.6457200929758988,6.923719984456226
10.277999891480327,0.2011918808511215,10.479191772331449
13.277999891480327,0.8777805741225482,14.155780465602875
17.277999891480327,0.7355094013041565,18.013509292784484
21.277999891480327,0.850290671810491,22.12829056329082
17.277999891480327,0.24136452905406713,17.519364420534394
16.277999891480327,0.8950869844701543,17.17308687595048
12.277999891480327,0.8674899217389562,13.145489813219283
4.277999891480327,0.8826855953898054,5.160685486870133
,,0.0
,,0.0
,,0.0
6.277999891480327,0.3077109210915916,6.585710812571919
6.277999891480327,0.6016603245091474,6.879660215989475
7.277999891480327,0.909846312607538,8.187846204087865
11.277999891480327,0.3693333973887789,11.647333288869106
24.277999891480327,0.26428352813524114,24.54228341961557
2.2779998914803277,0.5602013179531471,2.8382012094334748
,,0.0
,,0.0
,,0.0
,,0.0
5.277999891480327,0.104372348726117,5.382372240206444
15.277999891480327,0.8404006520503344,16.11840054353066
13.277999891480327,0.5998646296001588,13.877864521080486
22.277999891480327,0.12759930142804876,22.405599192908376
31.277999891480327,0.9791862356402703,32.2571861271206
36.27799989148033,0.5351361275961182,36.813136019076445
43.27799989148033,3.3406280697471473,46.618627961227475
43.27799989148033,13.64409919284764,56.92209908432797
43.27799989148033,16.20245674431535,59.480456635795676
43.27799989148033,15.836842644368033,59.11484253584836
35.27799989148033,0.40286952953174904,35.680869421012076
43.27799989148033,6.586087641404248,49.864087532884575
35.27799989148033,0.7211651407980284,35.999165032278356
40.27799989148033,0.9353256901084066,41.213325581588734
35.27799989148033,0.4119710229701923,35.68997091445052
36.27799989148033,0.5375175951162063,36.815517486596534
20.277999891480327,0.3979407539351705,20.675940645415498
14.277999891480327,0.9316019656603345,15.209601857140662
9.277999891480327,0.5682618415841354,9.846261733064463
,,0.0
,,0.0
,,0.0
,,0.0
,,0.0
,,0.0
,,0.0
,,0.0
,,1.1691625605204534
4.277999891480327,0.79091957814554,5.068919469625867
14.277999891480327,0.9612197103831335,15.23921960186346
21.277999891480327,0.7546307819933702,22.032630673473697
26.277999891480327,0.7585078578886169,27.036507749368944
27.277999891480327,0.5254519186744062,27.803451810154733
33.27799989148033,0.9025097236345729,34.1805096151149
39.27799989148033,0.8107723700838179,40.088772261564145
38.27799989148033,0.626199040362657,38.904198931842984
42.27799989148033,0.6203387508706584,42.898338642350986
43.27799989148033,4.794255932523342,48.07225582400367
43.27799989148033,11.281271580135737,54.559271471616064
43.27799989148033,7.881606531333816,51.15960642281414
39.27799989148033,0.15048163089835498,39.42848152237868
30.277999891480327,0.4108733297450051,30.688873221225332
20.277999891480327,0.6997773836330516,20.97777727511338
10.277999891480327,0.4613809410729264,10.739380832553254
,,0.4575917309202361
1.2779998914803277,0.18571498379729778,1.4637148752776254
,,0.9059890044992721
,,0.0
,,0.0
,,0.0
,,0.0
,,0.0
,,0.0
,,0.0
1.2779998914803277,0.12258929847043842,1.400589189950766
2.2779998914803277,0.465469582102481,2.7434694735828087
13.277999891480327,0.19888495042634347,13.47688484190667
19.277999891480327,0.33686922519736484,19.614869116677692
25.277999891480327,0.004174147764100411,25.282174039244428
29.277999891480327,0.8407195239878043,30.11871941546813
33.27799989148033,0.5412742803500592,33.819274171830386
33.27799989148033,0.5359086060878369,33.813908497568164
29.277999891480327,0.6371251285053212,29.91512501998565
28.277999891480327,0.7239605031191516,29.00196039459948
17.277999891480327,0.3318024623002849,17.609802353780612
18.277999891480327,0.13294531201622206,18.41094520349655
15.277999891480327,0.7885192132148546,16.066519104695182
14.277999891480327,0.9573810407673466,15.235380932247674
7.277999891480327,0.20359288251924923,7.4815927739995765
5.277999891480327,0.8458714003862733,6.1238712918666005
9.277999891480327,0.0371522302634304,9.315152121743758
,,0.0
,,0.0
,,0.0
,,0.0
,,0.0
,,0.0
,,0.0
,,0.0
3.2779998914803277,0.17035035489765882,3.4483502463779865
,,0.0
4.277999891480327,0.40116466661038963,4.679164558090717
7.277999891480327,0.5039151943536737,7.781915085834001
12.277999891480327,0.5452944298529463,12.823294321333274
23.277999891480327,0.5430543900219718,23.8210542815023
29.277999891480327,0.9350523917484175,30.213052283228745
35.27799989148033,0.6407976228744374,35.918797514354765
40.27799989148033,0.48259011428365994,40.76059000576399
43.27799989148033,1.3084348349269561,44.58643472640728
43.27799989148033,1.7589164144239433,45.03691630590427
43.27799989148033,0.8615304464242044,44.13953033790453
43.27799989148033,7.746658596588027,51.024658488068354
38.27799989148033,0.4100409495562616,38.68804084103659
26.277999891480327,0.8861323033645725,27.1641321948449
25.277999891480327,0.8429562863825986,26.120956177862926
10.277999891480327,0.7865645365606522,11.06456442804098
,,0.5320477373748859
,,0.0
,,0.0
,,0.0
,,0.0
,,0.0
,,0.0
,,0.0
,,0.0
,,0.0
,,0.0
5.277999891480327,0.2770350236223882,5.555034915102715
6.277999891480327,0.05894374202264352,6.336943633502971
4.277999891480327,0.812433894029625,5.090433785509952
15.277999891480327,0.35047782585722054,15.628477717337548
21.277999891480327,0.5692470268607046,21.847246918341032
25.277999891480327,0.2170090499198558,25.495008941400183
19.277999891480327,0.9447346629130635,20.22273455439339
19.277999891480327,0.6482522963547517,19.92625218783508
20.277999891480327,0.33469949582629255,20.61269938730662
12.277999891480327,0.29612374462278623,12.574123636103113
7.277999891480327,0.3362498776260088,7.614249769106336
5.277999891480327,0.4551116876388477,5.733111579119175
1.2779998914803277,0.2834348650362475,1.5614347565165752
,,0.0
,,0.0
,,0.0
,,0.0
,,0.0
,,0.0
,,0.0
,,0.0
,,0.0
,,0.0
,,0.0
,,0.0
,,0.0
,,0.0
,,0.0
,,0.0
,,0.0
,,0.0
,,0.0
,,0.0
,,0.0
,,0.0
,,0.0
,,0.0
,,0.0
,,0.0
,,0.0
,,0.0
,,0.0
,,0.0
,,0.0
,,0.0
,,0.0
,,0.0
,,0.0
,,0.0
,,0.0
,,0.0
,,0.0
,,0.0
,,0.14618216897021943
4.277999891480327,0.32304325212288276,4.60104314360321
7.277999891480327,0.9193976054686033,8.19739749694893
11.277999891480327,0.6227150790904528,11.90071497057078
15.277999891480327,0.48943950136026615,15.767439392840593
17.277999891480327,0.9711252027795148,18.249125094259842
18.277999891480327,0.22790992659660603,18.505909818076933
19.277999891480327,0.5689787897409424,19.84697868122127
9.277999891480327,0.2620856433879535,9.54008553486828
14.277999891480327,0.039553987073569274,14.317553878553896
15.277999891480327,0.11764020881363813,15.395640100293965
18.277999891480327,0.671331677103165,18.949331568583492
26.277999891480327,0.5880820872154544,26.86608197869578
15.277999891480327,0.6589997989699903,15.936999690450318
18.277999891480327,0.0426121626365763,18.320612054116904
16.277999891480327,0.432217475349546,16.710217366829873
21.277999891480327,0.35079873550022356,21.62879862698055
25.277999891480327,0.08953071072186702,25.367530602202194
28.277999891480327,0.9014709672167669,29.179470858697094
19.277999891480327,0.3688928373187146,19.646892728799042
23.277999891480327,0.5056810416719308,23.783680933152258
18.277999891480327,0.6835826859587897,18.961582577439117
16.277999891480327,0.1997412966024683,16.477741188082796
23.277999891480327,0.3449282444520918,23.62292813593242
32.27799989148033,0.1787714612941116,32.45677135277444
27.277999891480327,0.6726322209574782,27.950632112437805
19.277999891480327,0.4158528512095394,19.693852742689867
17.277999891480327,0.999182566878531,18.27718245835886
16.277999891480327,0.2642895257231501,16.542289417203477
14.277999891480327,0.25557168225928706,14.533571573739614
12.277999891480327,0.024689327706562736,12.30268921918689
11.277999891480327,0.09980968923923861,11.377809580719566
11.277999891480327,0.5711544670629038,11.849154358543231
6.277999891480327,0.08691140536677633,6.3649112968471036
,,0.8700575202290991
,,0.0
,,0.0
,,0.0
,,0.0
,,0.0
,,0.0
,,0.0
,,0.0
,,0.0
,,0.0
,,0.0
,,0.0
,,0.0
,,0.0
,,0.0
,,0.0
,,0.0
,,0.0
,,0.0
,,0.0
,,0.0
1.2779998914803277,0.6401002491320602,1.9181001406123879
5.277999891480327,0.7405366006689889,6.018536492149316
9.277999891480327,0.1508058479205996,9.428805739400927
12.277999891480327,0.6298065702999178,12.907806461780245
16.277999891480327,0.2232423273302473,16.501242218810575
19.277999891480327,0.9946795529728831,20.27267944445321
24.277999891480327,0.02807348408724053,24.306073375567568
20.277999891480327,0.6078437433150192,20.885843634795346
1.2779998914803277,0.4854551585867748,1.7634550500671025
17.277999891480327,0.05353028550041827,17.331530176980745
14.277999891480327,0.7558537669628347,15.033853658443162
10.277999891480327,0.8717175121023732,11.1497174035827
1.2779998914803277,0.7419583378618051,2.0199582293421328
1.2779998914803277,0.046831190867298256,1.324831082347626
,,0.6413350997193816
,,1.1221470123388595
1.2779998914803277,0.2525420436346719,1.5305419351149996
,,0.0
,,0.0
,,0.0
,,0.0
,,0.0
,,0.0
,,0.0
,,0.0
,,0.0
,,0.0
,,0.0
,,0.0
,,0.0
,,0.0
,,0.0
,,0.0
,,0.0
,,0.0
,,0.0
,,0.0
,,0.0
,,0.0
,,0.0
,,0.0
,,0.0
,,0.0
,,0.0
,,0.0
5.277999891480327,0.594079118051642,5.872079009531969
11.277999891480327,0.5271563504445194,11.805156241924847
17.277999891480327,0.5629479495896952,17.840947841070022
23.277999891480327,0.7339347164866794,24.011934607967007
30.277999891480327,0.058618957868596056,30.336618849348923
36.27799989148033,0.5360796574882514,36.81407954896858
43.27799989148033,0.13996047449681726,43.417960365977144
43.27799989148033,6.812310348229161,50.09031023970949
31.277999891480327,0.6276339283593586,31.905633819839686
32.27799989148033,0.03971735561618317,32.31771724709651
43.27799989148033,5.4457099851614075,48.723709876641735
38.27799989148033,0.4266288990235054,38.70462879050383
26.277999891480327,0.19644262600851903,26.474442517488846
34.27799989148033,0.29774271966407895,34.575742611144406
20.277999891480327,0.40029349745771725,20.678293388938044
21.277999891480327,0.6668486897728307,21.944848581253158
19.277999891480327,0.8133692677162543,20.09136915919658
8.277999891480327,0.7546494972486109,9.032649388728938
9.277999891480327,0.17870267908847026,9.456702570568797
6.277999891480327,0.6511361678994412,6.929136059379768
,,0.0414868541807091
,,0.0
2.2779998914803277,0.24036351273698742,2.518363404217315
,,0.0
,,0.0
,,0.0
,,0.0
,,0.0
,,0.0
,,0.0
,,0.0
,,0.0
,,0.0
,,0.0
,,0.0
,,0.0
3.2779998914803277,0.5728579803401428,3.8508578718204705
,,0.0
1.2779998914803277,0.12413343131733812,1.4021333227976658
6.277999891480327,0.3180357918470289,6.596035683327356
8.277999891480327,0.6929917257431146,8.970991617223442
8.277999891480327,0.11647966560608047,8.394479557086408
10.277999891480327,0.16774837181740665,10.445748263297734
13.277999891480327,0.4302207173671917,13.708220608847519
2.2779998914803277,0.5226451500891622,2.80064504156949
,,0.0
,,0.0
,,0.0
,,0.0
,,0.0
,,0.0
,,0.0
,,0.0
,,0.0
,,0.0
,,0.0
,,0.0
,,0.0
