Peng (kW),Pbatt (kW),P_veh (kW)
1.2779998914803277,-1.2779998914803277,0.0
1.2779998914803277,-1.2779998914803277,0.0
1.2779998914803277,-1.2779998914803277,0.0
1.2779998914803277,-1.2779998914803277,0.0
1.2779998914803277,-1.2779998914803277,0.0
1.2779998914803277,-1.2779998914803277,0.0
1.2779998914803277,-1.2779998914803277,0.0
1.2779998914803277,-1.2779998914803277,0.0
1.2779998914803277,-1.2779998914803277,0.0
1.2779998914803277,-1.2779998914803277,0.0
1.2779998914803277,-1.2779998914803277,0.0
1.2779998914803277,-1.2779998914803277,0.0
1.2779998914803277,-1.2779998914803277,0.0
1.2779998914803277,-1.2779998914803277,0.0
1.2779998914803277,-1.2779998914803277,0.0
1.2779998914803277,-1.2779998914803277,0.0
1.2779998914803277,-1.2779998914803277,0.0
1.2779998914803277,-1.2779998914803277,0.0
1.2779998914803277,-1.2779998914803277,0.0
1.2779998914803277,-1.2779998914803277,0.0
1.2779998914803277,-1.2779998914803277,0.0
5.277999891480327,-1.2779998914803277,4.0098443184737365
10.277999891480327,-1.2779998914803277,7.722438655649446
13.277999891480327,-1.2779998914803277,10.722573566231869
19.277999891480327,-1.2779998914803277,15.533129099105297
23.277999891480327,-1.2779998914803277,19.166356499620644
26.277999891480327,-1.2779998914803277,21.881069303483574
8.277999891480327,-1.2779998914803277,7.751272972910213
13.277999891480327,-1.2779998914803277,11.61074399066959
35.27799989148033,-1.2779998914803277,28.972686991033655
19.277999891480327,-1.2779998914803277,17.295526638823556
17.277999891480327,-1.2779998914803277,15.956369567353786
12.277999891480327,-1.2779998914803277,11.346170705741454
8.277999891480327,-1.2779998914803277,7.334345315707663
6.277999891480327,-1.2779998914803277,5.915545119855071
7.277999891480327,-1.2779998914803277,6.153369308456176
8.277999891480327,-1.2779998914803277,7.1406232476213845
7.277999891480327,-1.2779998914803277,6.373674175874895
1.2779998914803277,-1.2779998914803277,0.0
1.2779998914803277,-1.2779998914803277,0.0
10.277999891480327,-1.2779998914803277,8.545345558255635
12.277999891480327,-1.2779998914803277,10.562536419559045
12.277999891480327,-1.2779998914803277,10.76233030807409
14.277999891480327,-1.2779998914803277,12.346877403517691
20.277999891480327,-1.2779998914803277,17.21617039561824
31.277999891480327,-1.2779998914803277,25.96013515065402
34.27799989148033,-1.2779998914803277,28.432912125077355
31.277999891480327,-1.2779998914803277,26.574566528652053
14.277999891480327,-1.2779998914803277,13.472745307141029
9.277999891480327,-1.2779998914803277,9.116814581772825
10.277999891480327,-1.2779998914803277,9.30114786900339
1.2779998914803277,-1.2779998914803277,0.0
1.2779998914803277,-1.2779998914803277,0.0
1.2779998914803277,-1.2779998914803277,0.0
1.2779998914803277,-1.2779998914803277,0.0
5.277999891480327,-1.2779998914803277,4.7332241795877925
21.277999891480327,-1.2779998914803277,18.195837176820216
25.277999891480327,-1.2779998914803277,21.23665015860391
22.277999891480327,-1.2779998914803277,19.719117006723657
20.277999891480327,-1.2779998914803277,18.318202070359757
12.277999891480327,-1.2779998914803277,12.189734665974322
6.277999891480327,-1.2779998914803277,5.3339828201920145
4.277999891480327,-1.2779998914803277,3.2422446853260793
1.2779998914803277,-1.2779998914803277,0.12235316131900303
1.2779998914803277,-1.2779998914803277,0.0
1.2779998914803277,-1.2779998914803277,0.0
1.2779998914803277,-1.2779998914803277,0.0
1.2779998914803277,-1.2779998914803277,0.0
1.2779998914803277,-1.2779998914803277,0.0
1.2779998914803277,-1.2779998914803277,0.0
1.2779998914803277,-1.2779998914803277,0.0
1.2779998914803277,-1.2779998914803277,0.0
1.2779998914803277,-1.2779998914803277,0.0
1.2779998914803277,-1.2779998914803277,0.0
1.2779998914803277,-1.2779998914803277,0.0
1.2779998914803277,-1.2779998914803277,0.0
1.2779998914803277,-1.2779998914803277,0.0
1.2779998914803277,-1.2779998914803277,0.0
1.2779998914803277,-1.2779998914803277,0.3587519898111427
1.2779998914803277,-1.2779998914803277,0.0
1.2779998914803277,-1.2779998914803277,0.0
1.2779998914803277,-1.2779998914803277,0.8639541122207736
5.277999891480327,-1.2779998914803277,4.172731705531323
8.277999891480327,-1.2779998914803277,7.824689911766198
14.277999891480327,-1.2779998914803277,13.102472285089975
12.277999891480327,-1.2779998914803277,10.399500001562352
11.277999891480327,-1.2779998914803277,9.944838857488008
11.277999891480327,-1.2779998914803277,9.426042852969143
13.277999891480327,-1.2779998914803277,11.321629603264592
15.277999891480327,-1.2779998914803277,13.214727508373178
13.277999891480327,-1.2779998914803277,11.210351270959812
12.277999891480327,-1.2779998914803277,10.22512204917328
15.277999891480327,-1.2779998914803277,12.781586496215999
15.277999891480327,-1.2779998914803277,13.935833022534322
18.277999891480327,-1.2779998914803277,17.433310941761736
23.277999891480327,-1.2779998914803277,22.20078539133199
14.277999891480327,-1.2779998914803277,12.747868281595434
13.277999891480327,-1.2779998914803277,11.648989284504214
14.277999891480327,-1.2779998914803277,12.751442894574383
22.277999891480327,-1.2779998914803277,21.10369094896529
25.277999891480327,-1.2779998914803277,23.53302481515052
23.277999891480327,-1.2779998914803277,22.014750023759376
19.277999891480327,-1.2779998914803277,18.833451446929836
18.277999891480327,-1.2779998914803277,16.568960719034706
15.277999891480327,-1.2779998914803277,12.756542851834729
7.277999891480327,-1.2779998914803277,6.254529990471417
4.277999891480327,-1.2779998914803277,3.4220515243293175
11.277999891480327,-1.2779998914803277,10.197849338406352
12.277999891480327,-1.2779998914803277,11.010292567238364
14.277999891480327,-1.2779998914803277,11.84456030401177
12.277999891480327,-1.2779998914803277,10.158447893837675
11.277999891480327,-1.2779998914803277,9.69854566305132
6.277999891480327,-1.2779998914803277,5.322761655151167
1.2779998914803277,-1.2779998914803277,0.9115106048447761
1.2779998914803277,-1.2779998914803277,0.0
1.2779998914803277,-1.2779998914803277,0.0
1.2779998914803277,-1.2779998914803277,0.0
1.2779998914803277,-1.2779998914803277,0.0
1.2779998914803277,-1.2779998914803277,0.0
1.2779998914803277,-1.2779998914803277,0.0
1.2779998914803277,-1.2779998914803277,0.0
1.2779998914803277,-1.2779998914803277,0.0
1.2779998914803277,-1.2779998914803277,0.0
1.2779998914803277,-1.2779998914803277,0.0
1.2779998914803277,-1.2779998914803277,0.0
1.2779998914803277,-1.2779998914803277,0.0
1.2779998914803277,-1.2779998914803277,0.0
1.2779998914803277,-1.2779998914803277,0.0
1.2779998914803277,-1.2779998914803277,0.0
1.2779998914803277,-1.2779998914803277,0.0
1.2779998914803277,-1.2779998914803277,0.0
1.2779998914803277,-1.2779998914803277,0.0
1.2779998914803277,-1.2779998914803277,0.0
1.2779998914803277,-1.2779998914803277,0.0
1.2779998914803277,-1.2779998914803277,0.0
1.2779998914803277,-1.2779998914803277,0.0
1.2779998914803277,-1.2779998914803277,0.0
1.2779998914803277,-1.2779998914803277,0.0
1.2779998914803277,-1.2779998914803277,0.0
1.2779998914803277,-1.2779998914803277,0.0
1.2779998914803277,-1.2779998914803277,0.0
1.2779998914803277,-1.2779998914803277,0.0
1.2779998914803277,-1.2779998914803277,0.0
1.2779998914803277,-1.2779998914803277,0.0
1.2779998914803277,-1.2779998914803277,0.0
1.2779998914803277,-1.2779998914803277,0.0
1.2779998914803277,-1.2779998914803277,0.0
1.2779998914803277,-1.2779998914803277,0.0
1.2779998914803277,-1.2779998914803277,0.0
1.2779998914803277,-1.2779998914803277,0.0
1.2779998914803277,-1.2779998914803277,0.0
1.2779998914803277,-1.2779998914803277,0.0
1.2779998914803277,-1.2779998914803277,0.0
1.2779998914803277,-1.2779998914803277,0.0
1.2779998914803277,-1.2779998914803277,0.0
1.2779998914803277,-1.2779998914803277,0.0
1.2779998914803277,-1.2779998914803277,0.0
1.2779998914803277,-1.2779998914803277,0.0
1.2779998914803277,-1.2779998914803277,0.0
1.2779998914803277,-1.2779998914803277,0.0
1.2779998914803277,-1.2779998914803277,0.0
1.2779998914803277,-1.2779998914803277,0.0
1.2779998914803277,-1.2779998914803277,0.0
1.2779998914803277,-1.2779998914803277,0.0
5.277999891480327,-1.2779998914803277,3.358435549354011
8.277999891480327,-1.2779998914803277,6.711412662900221
12.277999891480327,-1.2779998914803277,10.063295604773982
15.277999891480327,-1.2779998914803277,13.42973711834971
19.277999891480327,-1.2779998914803277,16.842416661820995
23.277999891480327,-1.2779998914803277,20.353561590641483
16.277999891480327,-1.2779998914803277,15.083532259373376
14.277999891480327,-1.2779998914803277,14.002371939552916
10.277999891480327,-1.2779998914803277,9.253544348185358
1.2779998914803277,-1.2779998914803277,0.6824663075463517
1.2779998914803277,-1.2779998914803277,0.0
1.2779998914803277,-1.2779998914803277,0.0
1.2779998914803277,-1.2779998914803277,0.0
1.2779998914803277,-1.2779998914803277,1.1424634125522375
1.2779998914803277,-1.2779998914803277,1.2554462963327804
3.2779998914803277,-1.2779998914803277,2.4525807055949045
6.277999891480327,-1.2779998914803277,5.830560406461634
19.277999891480327,-1.2779998914803277,18.50845553896819
1.2779998914803277,-1.2779998914803277,0.0
1.2779998914803277,-1.2779998914803277,0.0
1.2779998914803277,-1.2779998914803277,0.0
1.2779998914803277,-1.2779998914803277,0.0
1.2779998914803277,-1.2779998914803277,0.0
3.2779998914803277,-1.2779998914803277,2.574590865650136
15.277999891480327,-1.2779998914803277,13.401912572917022
12.277999891480327,-1.2779998914803277,11.356714313732137
23.277999891480327,-1.2779998914803277,20.027881328036123
36.27799989148033,-1.2779998914803277,30.052646274332155
42.27799989148033,-1.2779998914803277,34.9367937122204
43.27799989148033,-1.2779998914803277,45.24754203860543
43.27799989148033,-1.2779998914803277,56.31443212932037
43.27799989148033,-1.2779998914803277,59.941145293089505
43.27799989148033,-1.2779998914803277,60.91690976099936
43.27799989148033,-1.2779998914803277,38.872358192013046
43.27799989148033,-1.2779998914803277,54.608535533074885
43.27799989148033,-1.2779998914803277,42.200300321977174
43.27799989148033,-1.2779998914803277,48.85509617050656
43.27799989148033,-1.2779998914803277,44.57018227070207
43.27799989148033,-1.2779998914803277,46.71326446874942
32.27799989148033,-1.2779998914803277,31.066606780325092
27.277999891480327,-1.2779998914803277,25.626626488342993
23.277999891480327,-1.2779998914803277,19.78580743491892
4.277999891480327,-1.2779998914803277,2.2043097796464575
1.2779998914803277,-1.2779998914803277,0.0
1.2779998914803277,-1.2779998914803277,0.0
1.2779998914803277,-1.2779998914803277,0.0
1.2779998914803277,-1.2779998914803277,0.0
1.2779998914803277,-1.2779998914803277,0.0
1.2779998914803277,-1.2779998914803277,0.0
1.2779998914803277,-1.2779998914803277,0.0
1.2779998914803277,-1.2779998914803277,0.0
1.2779998914803277,-1.2779998914803277,0.0
9.277999891480327,-1.2779998914803277,5.410608119590911
17.277999891480327,-1.2779998914803277,11.323493468342432
20.277999891480327,-1.2779998914803277,15.93883478435236
21.277999891480327,-1.2779998914803277,16.902128539320895
26.277999891480327,-1.2779998914803277,24.00930059793105
32.27799989148033,-1.2779998914803277,31.177495922298423
32.27799989148033,-1.2779998914803277,31.78687431177561
40.27799989148033,-1.2779998914803277,37.98517475103563
43.27799989148033,-1.2779998914803277,45.69151679362561
43.27799989148033,-1.2779998914803277,54.96423881351271
43.27799989148033,-1.2779998914803277,54.47516762140022
43.27799989148033,-1.2779998914803277,45.53825911837629
41.27799989148033,-1.2779998914803277,39.26428122802413
33.27799989148033,-1.2779998914803277,31.497816939896296
26.277999891480327,-1.2779998914803277,22.53370064568203
19.277999891480327,-1.2779998914803277,12.767275165773938
20.277999891480327,-1.2779998914803277,13.618910667970631
19.277999891480327,-1.2779998914803277,12.218494655998839
16.277999891480327,-1.2779998914803277,8.838673678242019
13.277999891480327,-1.2779998914803277,5.993024918331155
1.2779998914803277,-1.2779998914803277,0.0
1.2779998914803277,-1.2779998914803277,0.0
1.2779998914803277,-1.2779998914803277,0.0
1.2779998914803277,-1.2779998914803277,0.0
1.2779998914803277,-1.2779998914803277,0.0
1.2779998914803277,-1.2779998914803277,0.0
1.2779998914803277,-1.2779998914803277,0.0
2.2779998914803277,-1.2779998914803277,0.9916866328802967
15.277999891480327,-1.2779998914803277,6.855577843762138
20.277999891480327,-1.2779998914803277,13.06362078096209
24.277999891480327,-1.2779998914803277,19.21913248436941
28.277999891480327,-1.2779998914803277,24.929180243642463
30.277999891480327,-1.2779998914803277,27.49896104389507
29.277999891480327,-1.2779998914803277,26.554481106783093
31.277999891480327,-1.2779998914803277,28.75255246809178
25.277999891480327,-1.2779998914803277,20.395070455924632
27.277999891480327,-1.2779998914803277,23.987220393761728
27.277999891480327,-1.2779998914803277,24.058159561028617
28.277999891480327,-1.2779998914803277,25.177877036390882
23.277999891480327,-1.2779998914803277,18.760776277411495
23.277999891480327,-1.2779998914803277,18.12352093857917
25.277999891480327,-1.2779998914803277,21.432423275135726
18.277999891480327,-1.2779998914803277,11.478096410454427
12.277999891480327,-1.2779998914803277,5.9172754845992825
1.2779998914803277,-1.2779998914803277,0.0
1.2779998914803277,-1.2779998914803277,0.0
1.2779998914803277,-1.2779998914803277,0.0
1.2779998914803277,-1.2779998914803277,0.0
1.2779998914803277,-1.2779998914803277,0.0
1.2779998914803277,-1.2779998914803277,0.0
1.2779998914803277,-1.2779998914803277,0.0
1.2779998914803277,-1.2779998914803277,0.0
1.2779998914803277,-1.2779998914803277,0.0
1.2779998914803277,-1.2779998914803277,0.0
2.2779998914803277,-1.2779998914803277,1.18924439639827
18.277999891480327,-1.2779998914803277,12.562507416917628
24.277999891480327,-1.2779998914803277,19.916751498956263
29.277999891480327,-1.2779998914803277,27.137726075316845
34.27799989148033,-1.2779998914803277,33.99117980641832
43.27799989148033,-1.2779998914803277,40.246190505442776
43.27799989148033,-1.2779998914803277,43.439919252260694
43.27799989148033,-1.2779998914803277,45.45465076275593
43.27799989148033,-1.2779998914803277,55.3083822576191
43.27799989148033,-1.2779998914803277,45.753090705723174
37.27799989148033,-1.2779998914803277,36.58726660807028
38.27799989148033,-1.2779998914803277,37.39189979844818
27.277999891480327,-1.2779998914803277,23.412712861005275
20.277999891480327,-1.2779998914803277,13.139006781138653
1.2779998914803277,-1.2779998914803277,0.0
1.2779998914803277,-1.2779998914803277,0.0
1.2779998914803277,-1.2779998914803277,0.0
1.2779998914803277,-1.2779998914803277,0.0
1.2779998914803277,-1.2779998914803277,0.0
1.2779998914803277,-1.2779998914803277,0.0
1.2779998914803277,-1.2779998914803277,0.0
1.2779998914803277,-1.2779998914803277,0.0
1.2779998914803277,-1.2779998914803277,0.0
1.2779998914803277,-1.2779998914803277,0.0
1.2779998914803277,-1.2779998914803277,0.0
1.2779998914803277,-1.2779998914803277,0.0
1.2779998914803277,-1.2779998914803277,0.0
8.277999891480327,-1.2779998914803277,4.508733316014387
17.277999891480327,-1.2779998914803277,11.272253748182226
21.277999891480327,-1.2779998914803277,15.982081510794767
18.277999891480327,-1.2779998914803277,12.285630248917807
19.277999891480327,-1.2779998914803277,13.907220048645534
21.277999891480327,-1.2779998914803277,16.72757874567746
16.277999891480327,-1.2779998914803277,10.92502988311294
13.277999891480327,-1.2779998914803277,8.13547105955012
13.277999891480327,-1.2779998914803277,8.25360150146723
9.277999891480327,-1.2779998914803277,5.8281055892660785
7.277999891480327,-1.2779998914803277,4.568256064110566
7.277999891480327,-1.2779998914803277,4.487765322042366
1.2779998914803277,-1.2779998914803277,0.7186716678572476
1.2779998914803277,-1.2779998914803277,0.0
1.2779998914803277,-1.2779998914803277,0.0
1.2779998914803277,-1.2779998914803277,0.0
1.2779998914803277,-1.2779998914803277,0.0
1.2779998914803277,-1.2779998914803277,0.0
1.2779998914803277,-1.2779998914803277,0.0
1.2779998914803277,-1.2779998914803277,0.0
1.2779998914803277,-1.2779998914803277,0.0
1.2779998914803277,-1.2779998914803277,0.0
1.2779998914803277,-1.2779998914803277,0.0
1.2779998914803277,-1.2779998914803277,0.0
1.2779998914803277,-1.2779998914803277,0.0
1.2779998914803277,-1.2779998914803277,0.0
1.2779998914803277,-1.2779998914803277,0.0
1.2779998914803277,-1.2779998914803277,0.0
1.2779998914803277,-1.2779998914803277,0.0
1.2779998914803277,-1.2779998914803277,0.0
1.2779998914803277,-1.2779998914803277,0.0
1.2779998914803277,-1.2779998914803277,0.0
1.2779998914803277,-1.2779998914803277,0.0
1.2779998914803277,-1.2779998914803277,0.0
1.2779998914803277,-1.2779998914803277,0.0
1.2779998914803277,-1.2779998914803277,0.0
1.2779998914803277,-1.2779998914803277,0.0
1.2779998914803277,-1.2779998914803277,0.0
1.2779998914803277,-1.2779998914803277,0.0
1.2779998914803277,-1.2779998914803277,0.0
1.2779998914803277,-1.2779998914803277,0.0
1.2779998914803277,-1.2779998914803277,0.0
1.2779998914803277,-1.2779998914803277,0.0
1.2779998914803277,-1.2779998914803277,0.0
1.2779998914803277,-1.2779998914803277,0.0
1.2779998914803277,-1.2779998914803277,0.0
1.2779998914803277,-1.2779998914803277,0.0
1.2779998914803277,-1.2779998914803277,0.0
1.2779998914803277,-1.2779998914803277,0.0
1.2779998914803277,-1.2779998914803277,0.0
1.2779998914803277,-1.2779998914803277,0.09357043198608726
6.277999891480327,-1.2779998914803277,4.35672779155261
10.277999891480327,-1.2779998914803277,7.709480829825817
13.277999891480327,-1.2779998914803277,11.086947218236208
17.277999891480327,-1.2779998914803277,14.517606520323678
19.277999891480327,-1.2779998914803277,16.453140542026485
18.277999891480327,-1.2779998914803277,16.07975305783961
18.277999891480327,-1.2779998914803277,16.700677853753636
6.277999891480327,-1.2779998914803277,5.799467242428569
10.277999891480327,-1.2779998914803277,9.906744010351765
11.277999891480327,-1.2779998914803277,10.32081464945683
14.277999891480327,-1.2779998914803277,13.203146125658755
21.277999891480327,-1.2779998914803277,20.39946783835207
10.277999891480327,-1.2779998914803277,9.072809471704357
13.277999891480327,-1.2779998914803277,11.180592757584403
11.277999891480327,-1.2779998914803277,9.505519154966523
16.277999891480327,-1.2779998914803277,14.474663212696889
19.277999891480327,-1.2779998914803277,18.420559236537215
23.277999891480327,-1.2779998914803277,22.616073245586225
16.277999891480327,-1.2779998914803277,13.794006017503307
20.277999891480327,-1.2779998914803277,18.764101285263475
17.277999891480327,-1.2779998914803277,14.95515152049323
16.277999891480327,-1.2779998914803277,13.580820020724952
22.277999891480327,-1.2779998914803277,21.865121926697352
35.27799989148033,-1.2779998914803277,31.911792557565487
31.277999891480327,-1.2779998914803277,28.700604493003894
22.277999891480327,-1.2779998914803277,21.7274959430366
22.277999891480327,-1.2779998914803277,21.543015266747666
22.277999891480327,-1.2779998914803277,20.95740487061305
21.277999891480327,-1.2779998914803277,19.985459798722307
20.277999891480327,-1.2779998914803277,18.651807011092433
20.277999891480327,-1.2779998914803277,18.482377120629327
21.277999891480327,-1.2779998914803277,19.574504067895916
17.277999891480327,-1.2779998914803277,14.470217795545716
12.277999891480327,-1.2779998914803277,9.094935223220627
3.2779998914803277,-1.2779998914803277,2.1682559956574377
1.2779998914803277,-1.2779998914803277,0.0
1.2779998914803277,-1.2779998914803277,0.0
1.2779998914803277,-1.2779998914803277,0.0
1.2779998914803277,-1.2779998914803277,0.0
1.2779998914803277,-1.2779998914803277,0.0
1.2779998914803277,-1.2779998914803277,0.0
1.2779998914803277,-1.2779998914803277,0.0
1.2779998914803277,-1.2779998914803277,0.0
1.2779998914803277,-1.2779998914803277,0.0
1.2779998914803277,-1.2779998914803277,0.0
1.2779998914803277,-1.2779998914803277,0.0
1.2779998914803277,-1.2779998914803277,0.0
1.2779998914803277,-1.2779998914803277,0.0
1.2779998914803277,-1.2779998914803277,0.0
1.2779998914803277,-1.2779998914803277,0.0
1.2779998914803277,-1.2779998914803277,0.0
1.2779998914803277,-1.2779998914803277,0.0
1.2779998914803277,-1.2779998914803277,0.0
1.2779998914803277,-1.2779998914803277,0.0
1.2779998914803277,-1.2779998914803277,0.0
3.2779998914803277,-1.2779998914803277,1.9853471658161506
8.277999891480327,-1.2779998914803277,6.136236534302631
12.277999891480327,-1.2779998914803277,9.527245378628871
15.277999891480327,-1.2779998914803277,12.884151375220092
19.277999891480327,-1.2779998914803277,16.220065398388535
22.277999891480327,-1.2779998914803277,19.567933934474503
26.277999891480327,-1.2779998914803277,22.985523080624954
20.277999891480327,-1.2779998914803277,18.81402415377982
1.2779998914803277,-1.2779998914803277,0.0
15.277999891480327,-1.2779998914803277,13.758053286168284
12.277999891480327,-1.2779998914803277,10.603841173687448
7.277999891480327,-1.2779998914803277,5.939470645344963
1.2779998914803277,-1.2779998914803277,0.0
1.2779998914803277,-1.2779998914803277,0.0
1.2779998914803277,-1.2779998914803277,0.0
1.2779998914803277,-1.2779998914803277,0.0
1.2779998914803277,-1.2779998914803277,0.0
1.2779998914803277,-1.2779998914803277,0.0
1.2779998914803277,-1.2779998914803277,0.0
1.2779998914803277,-1.2779998914803277,0.0
1.2779998914803277,-1.2779998914803277,0.0
1.2779998914803277,-1.2779998914803277,0.0
1.2779998914803277,-1.2779998914803277,0.0
1.2779998914803277,-1.2779998914803277,0.0
1.2779998914803277,-1.2779998914803277,0.0
1.2779998914803277,-1.2779998914803277,0.0
1.2779998914803277,-1.2779998914803277,0.0
1.2779998914803277,-1.2779998914803277,0.0
1.2779998914803277,-1.2779998914803277,0.0
1.2779998914803277,-1.2779998914803277,0.0
1.2779998914803277,-1.2779998914803277,0.0
1.2779998914803277,-1.2779998914803277,0.0
1.2779998914803277,-1.2779998914803277,0.0
1.2779998914803277,-1.2779998914803277,0.0
1.2779998914803277,-1.2779998914803277,0.0
1.2779998914803277,-1.2779998914803277,0.0
1.2779998914803277,-1.2779998914803277,0.0
1.2779998914803277,-1.2779998914803277,0.0
1.2779998914803277,-1.2779998914803277,0.0
1.2779998914803277,-1.2779998914803277,0.0
1.2779998914803277,-1.2779998914803277,0.0
1.2779998914803277,-1.2779998914803277,0.0
1.2779998914803277,-1.2779998914803277,0.0
1.2779998914803277,-1.2779998914803277,0.0
1.2779998914803277,-1.2779998914803277,0.0
7.277999891480327,-1.2779998914803277,5.252682334963167
13.277999891480327,-1.2779998914803277,10.59144066747278
20.277999891480327,-1.2779998914803277,16.0797491128306
27.277999891480327,-1.2779998914803277,21.776314469050607
34.27799989148033,-1.2779998914803277,27.73162972725555
42.27799989148033,-1.2779998914803277,33.98315338077533
43.27799989148033,-1.2779998914803277,40.54894036328541
43.27799989148033,-1.2779998914803277,47.41978761810617
35.27799989148033,-1.2779998914803277,29.80948794749958
36.27799989148033,-1.2779998914803277,30.943435608651985
43.27799989148033,-1.2779998914803277,48.22405646495597
43.27799989148033,-1.2779998914803277,39.276009556547415
31.277999891480327,-1.2779998914803277,28.178368624626092
43.27799989148033,-1.2779998914803277,37.50292763456509
26.277999891480327,-1.2779998914803277,24.742258529399464
29.277999891480327,-1.2779998914803277,27.108107312841813
28.277999891480327,-1.2779998914803277,26.26420016671184
18.277999891480327,-1.2779998914803277,15.961939405675958
19.277999891480327,-1.2779998914803277,17.003075736957708
17.277999891480327,-1.2779998914803277,14.899680104115363
10.277999891480327,-1.2779998914803277,8.160415387360784
5.277999891480327,-1.2779998914803277,4.227978984399985
13.277999891480327,-1.2779998914803277,10.391812129960671
5.277999891480327,-1.2779998914803277,3.546690319091534
1.2779998914803277,-1.2779998914803277,0.0
1.2779998914803277,-1.2779998914803277,0.0
1.2779998914803277,-1.2779998914803277,0.0
1.2779998914803277,-1.2779998914803277,0.0
1.2779998914803277,-1.2779998914803277,0.0
1.2779998914803277,-1.2779998914803277,0.0
1.2779998914803277,-1.2779998914803277,0.0
1.2779998914803277,-1.2779998914803277,0.0
1.2779998914803277,-1.2779998914803277,0.0
1.2779998914803277,-1.2779998914803277,0.0
1.2779998914803277,-1.2779998914803277,0.0
1.2779998914803277,-1.2779998914803277,0.0
1.2779998914803277,-1.2779998914803277,0.0
1.2779998914803277,-1.2779998914803277,0.0
1.2779998914803277,-1.2779998914803277,0.0
1.2779998914803277,-1.2779998914803277,0.0
1.2779998914803277,-1.2779998914803277,1.0694916670976444
1.2779998914803277,-1.2779998914803277,0.5741761500588394
4.277999891480327,-1.2779998914803277,2.8933637930363463
8.277999891480327,-1.2779998914803277,6.579168561863592
1.2779998914803277,-1.2779998914803277,0.0
1.2779998914803277,-1.2779998914803277,0.0
1.2779998914803277,-1.2779998914803277,0.0
1.2779998914803277,-1.2779998914803277,0.0
1.2779998914803277,-1.2779998914803277,0.0
1.2779998914803277,-1.2779998914803277,0.0
1.2779998914803277,-1.2779998914803277,0.0
1.2779998914803277,-1.2779998914803277,0.0
1.2779998914803277,-1.2779998914803277,0.0
1.2779998914803277,-1.2779998914803277,0.0
1.2779998914803277,-1.2779998914803277,0.0
1.2779998914803277,-1.2779998914803277,0.0
1.2779998914803277,-1.2779998914803277,0.0
1.2779998914803277,-1.2779998914803277,0.0
1.2779998914803277,-1.2779998914803277,0.0
1.2779998914803277,-1.2779998914803277,0.0
1.2779998914803277,-1.2779998914803277,0.0
1.2779998914803277,-1.2779998914803277,0.0
1.2779998914803277,-1.2779998914803277,0.0
2.2779998914803277,-1.2779998914803277,1.2312590738110256
7.277999891480327,-1.2779998914803277,5.138377209656955
10.277999891480327,-1.2779998914803277,7.434864365369577
8.277999891480327,-1.2779998914803277,6.212533220359484
14.277999891480327,-1.2779998914803277,11.560920278903794
12.277999891480327,-1.2779998914803277,9.64337522194869
12.277999891480327,-1.2779998914803277,9.74497400599966
16.277999891480327,-1.2779998914803277,13.45957111625482
24.277999891480327,-1.2779998914803277,19.78761548889922
27.277999891480327,-1.2779998914803277,21.987380777814803
26.277999891480327,-1.2779998914803277,22.16623981038237
24.277999891480327,-1.2779998914803277,20.652208505340788
23.277999891480327,-1.2779998914803277,20.053170354141407
21.277999891480327,-1.2779998914803277,18.987680961568387
23.277999891480327,-1.2779998914803277,20.37799842770903
23.277999891480327,-1.2779998914803277,20.783835037300403
20.277999891480327,-1.2779998914803277,18.9463070116023
19.277999891480327,-1.2779998914803277,17.72849273254265
15.277999891480327,-1.2779998914803277,14.109667078107913
10.277999891480327,-1.2779998914803277,10.14779967357273
8.277999891480327,-1.2779998914803277,8.056041910293521
7.277999891480327,-1.2779998914803277,6.90881661422325
6.277999891480327,-1.2779998914803277,5.721258302045228
5.277999891480327,-1.2779998914803277,4.508261092801548
4.277999891480327,-1.2779998914803277,3.285060032499121
9.277999891480327,-1.2779998914803277,8.246961050897553
3.2779998914803277,-1.2779998914803277,2.919534649056502
2.2779998914803277,-1.2779998914803277,1.6961605587119897
1.2779998914803277,-1.2779998914803277,0.0
1.2779998914803277,-1.2779998914803277,0.0
1.2779998914803277,-1.2779998914803277,0.0
1.2779998914803277,-1.2779998914803277,0.0
1.2779998914803277,-1.2779998914803277,0.0
1.2779998914803277,-1.2779998914803277,0.0
1.2779998914803277,-1.2779998914803277,0.0
1.2779998914803277,-1.2779998914803277,0.0
1.2779998914803277,-1.2779998914803277,0.0
1.2779998914803277,-1.2779998914803277,0.0
1.2779998914803277,-1.2779998914803277,0.0
1.2779998914803277,-1.2779998914803277,0.0
1.2779998914803277,-1.2779998914803277,0.0
1.2779998914803277,-1.2779998914803277,0.0
1.2779998914803277,-1.2779998914803277,0.0
1.2779998914803277,-1.2779998914803277,0.0
1.2779998914803277,-1.2779998914803277,0.0
1.2779998914803277,-1.2779998914803277,0.0
1.2779998914803277,-1.2779998914803277,0.0
1.2779998914803277,-1.2779998914803277,0.0
1.2779998914803277,-1.2779998914803277,0.0
1.2779998914803277,-1.2779998914803277,0.0
1.2779998914803277,-1.2779998914803277,0.0
1.2779998914803277,-1.2779998914803277,0.0
1.2779998914803277,-1.2779998914803277,0.0
1.2779998914803277,-1.2779998914803277,0.0
1.2779998914803277,-1.2779998914803277,0.0
1.2779998914803277,-1.2779998914803277,0.0
1.2779998914803277,-1.2779998914803277,0.0
1.2779998914803277,-1.2779998914803277,0.0
5.277999891480327,-1.2779998914803277,3.3483134038535427
8.277999891480327,-1.2779998914803277,6.696248427413284
12.277999891480327,-1.2779998914803277,10.052013724204848
14.277999891480327,-1.2779998914803277,12.190305913998412
6.277999891480327,-1.2779998914803277,4.986868205703429
5.277999891480327,-1.2779998914803277,4.276988599199883
2.2779998914803277,-1.2779998914803277,1.964289269971769
1.2779998914803277,-1.2779998914803277,0.0
1.2779998914803277,-1.2779998914803277,0.0
1.2779998914803277,-1.2779998914803277,0.0
1.2779998914803277,-1.2779998914803277,0.0
1.2779998914803277,-1.2779998914803277,0.0
1.2779998914803277,-1.2779998914803277,0.0
1.2779998914803277,-1.2779998914803277,0.0
1.2779998914803277,-1.2779998914803277,0.0
1.2779998914803277,-1.2779998914803277,0.0
1.2779998914803277,-1.2779998914803277,1.2241922815997726
1.2779998914803277,-1.2779998914803277,0.0
1.2779998914803277,-1.2779998914803277,0.0
1.2779998914803277,-1.2779998914803277,0.0
1.2779998914803277,-1.2779998914803277,0.0
1.2779998914803277,-1.2779998914803277,1.0609850119611908
3.2779998914803277,-1.2779998914803277,2.2671359656081456
6.277999891480327,-1.2779998914803277,4.9312187196755985
8.277999891480327,-1.2779998914803277,7.128345201980816
11.277999891480327,-1.2779998914803277,10.39395532144068
11.277999891480327,-1.2779998914803277,9.975419997788597
14.277999891480327,-1.2779998914803277,13.707583187359976
14.277999891480327,-1.2779998914803277,13.396530764050512
9.277999891480327,-1.2779998914803277,8.340217235721163
10.277999891480327,-1.2779998914803277,9.130006126834838
13.277999891480327,-1.2779998914803277,12.628937561236075
14.277999891480327,-1.2779998914803277,13.567582137931455
15.277999891480327,-1.2779998914803277,14.475188385982738
13.277999891480327,-1.2779998914803277,12.423078199402536
12.277999891480327,-1.2779998914803277,12.018697867666388
13.277999891480327,-1.2779998914803277,12.425155728973131
15.277999891480327,-1.2779998914803277,14.674834748313502
26.277999891480327,-1.2779998914803277,23.167336956422673
34.27799989148033,-1.2779998914803277,28.730074664474607
28.277999891480327,-1.2779998914803277,24.59138809176416
22.277999891480327,-1.2779998914803277,20.680927068260658
22.277999891480327,-1.2779998914803277,20.751826350601252
5.277999891480327,-1.2779998914803277,4.954950680473688
1.2779998914803277,-1.2779998914803277,0.0
1.2779998914803277,-1.2779998914803277,0.0
1.2779998914803277,-1.2779998914803277,0.0
1.2779998914803277,-1.2779998914803277,0.0
1.2779998914803277,-1.2779998914803277,0.0
1.2779998914803277,-1.2779998914803277,0.0
1.2779998914803277,-1.2779998914803277,0.0
1.2779998914803277,-1.2779998914803277,0.0
1.2779998914803277,-1.2779998914803277,0.0
1.2779998914803277,-1.2779998914803277,0.0
1.2779998914803277,-1.2779998914803277,0.0
1.2779998914803277,-1.2779998914803277,0.0
1.2779998914803277,-1.2779998914803277,0.0
1.2779998914803277,-1.2779998914803277,0.0
1.2779998914803277,-1.2779998914803277,0.0
1.2779998914803277,-1.2779998914803277,0.0
1.2779998914803277,-1.2779998914803277,0.0
1.2779998914803277,-1.2779998914803277,0.0
1.2779998914803277,-1.2779998914803277,0.0
1.2779998914803277,-1.2779998914803277,0.0
1.2779998914803277,-1.2779998914803277,0.0
1.2779998914803277,-1.2779998914803277,0.0
1.2779998914803277,-1.2779998914803277,0.0
1.2779998914803277,-1.2779998914803277,0.0
1.2779998914803277,-1.2779998914803277,0.0
1.2779998914803277,-1.2779998914803277,0.0
1.2779998914803277,-1.2779998914803277,0.0
1.2779998914803277,-1.2779998914803277,0.0
1.2779998914803277,-1.2779998914803277,0.0
1.2779998914803277,-1.2779998914803277,0.0
1.2779998914803277,-1.2779998914803277,0.0
1.2779998914803277,-1.2779998914803277,0.0
1.2779998914803277,-1.2779998914803277,0.0
3.2779998914803277,-1.2779998914803277,2.4524637630821386
8.277999891480327,-1.2779998914803277,6.389827255945385
17.277999891480327,-1.2779998914803277,13.48753040250968
17.277999891480327,-1.2779998914803277,13.819883068432995
19.277999891480327,-1.2779998914803277,16.20398064773748
15.277999891480327,-1.2779998914803277,13.360664725675045
15.277999891480327,-1.2779998914803277,12.989309644481011
24.277999891480327,-1.2779998914803277,20.637512197895703
25.277999891480327,-1.2779998914803277,21.660700180284778
18.277999891480327,-1.2779998914803277,16.526200424137908
15.277999891480327,-1.2779998914803277,14.77207697578517
14.277999891480327,-1.2779998914803277,13.54222735671041
14.277999891480327,-1.2779998914803277,14.084033006800595
10.277999891480327,-1.2779998914803277,9.292521580115542
3.2779998914803277,-1.2779998914803277,3.068017117601074
3.2779998914803277,-1.2779998914803277,2.953888858686995
1.2779998914803277,-1.2779998914803277,0.0
1.2779998914803277,-1.2779998914803277,0.0
1.2779998914803277,-1.2779998914803277,0.0
1.2779998914803277,-1.2779998914803277,0.0
1.2779998914803277,-1.2779998914803277,0.0
1.2779998914803277,-1.2779998914803277,0.0
1.2779998914803277,-1.2779998914803277,0.0
1.2779998914803277,-1.2779998914803277,0.0
1.2779998914803277,-1.2779998914803277,0.0
1.2779998914803277,-1.2779998914803277,0.0
1.2779998914803277,-1.2779998914803277,0.0
1.2779998914803277,-1.2779998914803277,0.0
1.2779998914803277,-1.2779998914803277,0.0
1.2779998914803277,-1.2779998914803277,0.0
1.2779998914803277,-1.2779998914803277,0.0
1.2779998914803277,-1.2779998914803277,0.0
1.2779998914803277,-1.2779998914803277,0.0
1.2779998914803277,-1.2779998914803277,0.0
1.2779998914803277,-1.2779998914803277,0.0
1.2779998914803277,-1.2779998914803277,0.0
1.2779998914803277,-1.2779998914803277,0.0
1.2779998914803277,-1.2779998914803277,0.0
1.2779998914803277,-1.2779998914803277,0.0
1.2779998914803277,-1.2779998914803277,0.0
1.2779998914803277,-1.2779998914803277,0.0
1.2779998914803277,-1.2779998914803277,0.0
1.2779998914803277,-1.2779998914803277,0.0
1.2779998914803277,-1.2779998914803277,0.0
1.2779998914803277,-1.2779998914803277,0.0
1.2779998914803277,-1.2779998914803277,0.0
1.2779998914803277,-1.2779998914803277,0.0
1.2779998914803277,-1.2779998914803277,0.0
1.2779998914803277,-1.2779998914803277,0.4025285967878021
2.2779998914803277,-1.2779998914803277,1.6174896761378084
1.2779998914803277,-1.2779998914803277,0.7662650517474515
5.277999891480327,-1.2779998914803277,3.7696480740539395
9.277999891480327,-1.2779998914803277,7.62894263745307
8.277999891480327,-1.2779998914803277,6.799204627594492
10.277999891480327,-1.2779998914803277,8.878508525122172
4.277999891480327,-1.2779998914803277,3.445960913737817
10.277999891480327,-1.2779998914803277,8.828750745513252
1.2779998914803277,-1.2779998914803277,0.0
1.2779998914803277,-1.2779998914803277,0.0
1.2779998914803277,-1.2779998914803277,0.0
12.277999891480327,-1.2779998914803277,10.993537924960448
7.277999891480327,-1.2779998914803277,6.887538388051894
8.277999891480327,-1.2779998914803277,7.159203332346092
13.277999891480327,-1.2779998914803277,12.854848137361405
11.277999891480327,-1.2779998914803277,10.85476475980323
3.2779998914803277,-1.2779998914803277,2.84862880020637
1.2779998914803277,-1.2779998914803277,0.21028120026627062
11.277999891480327,-1.2779998914803277,10.308093013084372
12.277999891480327,-1.2779998914803277,11.636784061513302
9.277999891480327,-1.2779998914803277,9.012764731834563
1.2779998914803277,-1.2779998914803277,0.0
1.2779998914803277,-1.2779998914803277,0.3999163001713908
1.2779998914803277,-1.2779998914803277,0.0
1.2779998914803277,-1.2779998914803277,0.0
1.2779998914803277,-1.2779998914803277,0.0
1.2779998914803277,-1.2779998914803277,0.0
1.2779998914803277,-1.2779998914803277,0.0
1.2779998914803277,-1.2779998914803277,0.0
1.2779998914803277,-1.2779998914803277,0.0
1.2779998914803277,-1.2779998914803277,0.0
1.2779998914803277,-1.2779998914803277,0.27798625471412214
1.2779998914803277,-1.2779998914803277,0.0
1.2779998914803277,-1.2779998914803277,0.24654310813759064
7.277999891480327,-1.2779998914803277,5.043186294587053
15.277999891480327,-1.2779998914803277,11.852784520176783
21.277999891480327,-1.2779998914803277,16.842509682734097
26.277999891480327,-1.2779998914803277,21.094407151515693
19.277999891480327,-1.2779998914803277,15.964232019897644
26.277999891480327,-1.2779998914803277,21.64279437286767
30.277999891480327,-1.2779998914803277,24.55644600216763
28.277999891480327,-1.2779998914803277,23.784193826835242
35.27799989148033,-1.2779998914803277,28.807758855813123
34.27799989148033,-1.2779998914803277,28.23206449958343
33.27799989148033,-1.2779998914803277,27.911024173928066
28.277999891480327,-1.2779998914803277,24.740607981767113
29.277999891480327,-1.2779998914803277,25.306120832922492
22.277999891480327,-1.2779998914803277,20.949096389617576
20.277999891480327,-1.2779998914803277,19.450076877841386
17.277999891480327,-1.2779998914803277,16.47120703234093
17.277999891480327,-1.2779998914803277,16.71180440272043
16.277999891480327,-1.2779998914803277,14.461406703382325
11.277999891480327,-1.2779998914803277,9.625460079980071
5.277999891480327,-1.2779998914803277,4.656953816099238
6.277999891480327,-1.2779998914803277,5.380026675999021
3.2779998914803277,-1.2779998914803277,2.6904678110415325
1.2779998914803277,-1.2779998914803277,0.0
1.2779998914803277,-1.2779998914803277,0.0
1.2779998914803277,-1.2779998914803277,0.0
1.2779998914803277,-1.2779998914803277,0.0
1.2779998914803277,-1.2779998914803277,0.0
1.2779998914803277,-1.2779998914803277,0.0
1.2779998914803277,-1.2779998914803277,0.0
1.2779998914803277,-1.2779998914803277,0.0
1.2779998914803277,-1.2779998914803277,0.0
1.2779998914803277,-1.2779998914803277,0.0
1.2779998914803277,-1.2779998914803277,0.0
1.2779998914803277,-1.2779998914803277,0.0
1.2779998914803277,-1.2779998914803277,0.0
1.2779998914803277,-1.2779998914803277,0.0
1.2779998914803277,-1.2779998914803277,0.0
1.2779998914803277,-1.2779998914803277,0.0
4.277999891480327,-1.2779998914803277,2.965270572154981
9.277999891480327,-1.2779998914803277,6.940133989855694
13.277999891480327,-1.2779998914803277,10.483725757032689
16.277999891480327,-1.2779998914803277,13.93674272899984
16.277999891480327,-1.2779998914803277,14.341214631458564
8.277999891480327,-1.2779998914803277,7.265319227885899
2.2779998914803277,-1.2779998914803277,1.5418926412109712
3.2779998914803277,-1.2779998914803277,3.0166898295513396
4.277999891480327,-1.2779998914803277,3.906660954950761
5.277999891480327,-1.2779998914803277,4.984223701152796
5.277999891480327,-1.2779998914803277,4.379794140306379
11.277999891480327,-1.2779998914803277,10.924151906267982
9.277999891480327,-1.2779998914803277,8.781792315958286
5.277999891480327,-1.2779998914803277,4.1773069383292585
1.2779998914803277,-1.2779998914803277,0.0
1.2779998914803277,-1.2779998914803277,0.0
3.2779998914803277,-1.2779998914803277,2.578963054295429
1.2779998914803277,-1.2779998914803277,0.0
1.2779998914803277,-1.2779998914803277,0.0
1.2779998914803277,-1.2779998914803277,0.0
1.2779998914803277,-1.2779998914803277,0.0
1.2779998914803277,-1.2779998914803277,0.4891721105224096
5.277999891480327,-1.2779998914803277,4.315713020274092
7.277999891480327,-1.2779998914803277,5.880043738568003
7.277999891480327,-1.2779998914803277,6.256267273052539
2.2779998914803277,-1.2779998914803277,2.0001753681490504
10.277999891480327,-1.2779998914803277,8.824640241407257
12.277999891480327,-1.2779998914803277,11.176468569762822
13.277999891480327,-1.2779998914803277,12.322923032388545
14.277999891480327,-1.2779998914803277,13.345945171924926
15.277999891480327,-1.2779998914803277,14.230241401112483
16.277999891480327,-1.2779998914803277,14.962641909763093
17.277999891480327,-1.2779998914803277,16.69774703299482
22.277999891480327,-1.2779998914803277,20.72457474238465
24.277999891480327,-1.2779998914803277,22.48539997300245
42.27799989148033,-1.2779998914803277,35.75657185596488
35.27799989148033,-1.2779998914803277,30.577509424550367
35.27799989148033,-1.2779998914803277,31.100974282786765
35.27799989148033,-1.2779998914803277,31.28940940930241
18.277999891480327,-1.2779998914803277,16.980787928904427
25.277999891480327,-1.2779998914803277,23.95781377145278
21.277999891480327,-1.2779998914803277,19.846900801175824
18.277999891480327,-1.2779998914803277,16.7265459387911
11.277999891480327,-1.2779998914803277,9.106986023702742
7.277999891480327,-1.2779998914803277,5.496209403140756
7.277999891480327,-1.2779998914803277,5.96519877421444
3.2779998914803277,-1.2779998914803277,2.3403239504598736
1.2779998914803277,-1.2779998914803277,0.0
1.2779998914803277,-1.2779998914803277,0.0
1.2779998914803277,-1.2779998914803277,0.0
1.2779998914803277,-1.2779998914803277,0.0
1.2779998914803277,-1.2779998914803277,0.0
1.2779998914803277,-1.2779998914803277,0.0
1.2779998914803277,-1.2779998914803277,0.0
1.2779998914803277,-1.2779998914803277,0.0
1.2779998914803277,-1.2779998914803277,0.0
1.2779998914803277,-1.2779998914803277,0.0
1.2779998914803277,-1.2779998914803277,0.0
1.2779998914803277,-1.2779998914803277,0.0
1.2779998914803277,-1.2779998914803277,0.0
1.2779998914803277,-1.2779998914803277,0.0
1.2779998914803277,-1.2779998914803277,0.0
1.2779998914803277,-1.2779998914803277,0.0
1.2779998914803277,-1.2779998914803277,0.0
1.2779998914803277,-1.2779998914803277,0.0
1.2779998914803277,-1.2779998914803277,0.0
1.2779998914803277,-1.2779998914803277,0.0
1.2779998914803277,-1.2779998914803277,0.0
1.2779998914803277,-1.2779998914803277,0.0
1.2779998914803277,-1.2779998914803277,0.0
1.2779998914803277,-1.2779998914803277,0.0
1.2779998914803277,-1.2779998914803277,0.0
1.2779998914803277,-1.2779998914803277,0.0
1.2779998914803277,-1.2779998914803277,0.0
8.277999891480327,-1.2779998914803277,7.128408751347386
16.277999891480327,-1.2779998914803277,15.364713519610236
17.277999891480327,-1.2779998914803277,15.817767504043708
15.277999891480327,-1.2779998914803277,14.275601896927862
17.277999891480327,-1.2779998914803277,16.171769944221804
18.277999891480327,-1.2779998914803277,17.18357821673773
19.277999891480327,-1.2779998914803277,18.148811526240486
24.277999891480327,-1.2779998914803277,21.13628451741855
28.277999891480327,-1.2779998914803277,24.376301574497976
29.277999891480327,-1.2779998914803277,25.59501698538243
24.277999891480327,-1.2779998914803277,22.012088781641467
16.277999891480327,-1.2779998914803277,15.525830711899852
18.277999891480327,-1.2779998914803277,17.518329928726217
17.277999891480327,-1.2779998914803277,17.21327214451062
17.277999891480327,-1.2779998914803277,16.73601986411388
22.277999891480327,-1.2779998914803277,20.77154410411776
17.277999891480327,-1.2779998914803277,16.662178421522253
21.277999891480327,-1.2779998914803277,20.535257021912535
14.277999891480327,-1.2779998914803277,12.360126405450595
12.277999891480327,-1.2779998914803277,10.963722264393517
10.277999891480327,-1.2779998914803277,9.461423824889346
6.277999891480327,-1.2779998914803277,5.507682934540918
1.2779998914803277,-1.2779998914803277,0.0
1.2779998914803277,-1.2779998914803277,0.0
1.2779998914803277,-1.2779998914803277,0.0
1.2779998914803277,-1.2779998914803277,0.0
1.2779998914803277,-1.2779998914803277,0.0
1.2779998914803277,-1.2779998914803277,0.0
1.2779998914803277,-1.2779998914803277,0.13274198729663456
1.2779998914803277,-1.2779998914803277,0.0
1.2779998914803277,-1.2779998914803277,0.0
1.2779998914803277,-1.2779998914803277,0.0
1.2779998914803277,-1.2779998914803277,0.0
1.2779998914803277,-1.2779998914803277,0.5203128549716813
1.2779998914803277,-1.2779998914803277,0.0
1.2779998914803277,-1.2779998914803277,0.0
1.2779998914803277,-1.2779998914803277,0.0
1.2779998914803277,-1.2779998914803277,0.0
1.2779998914803277,-1.2779998914803277,0.0
1.2779998914803277,-1.2779998914803277,0.0
1.2779998914803277,-1.2779998914803277,0.0
1.2779998914803277,-1.2779998914803277,0.0
1.2779998914803277,-1.2779998914803277,0.0
1.2779998914803277,-1.2779998914803277,0.0
1.2779998914803277,-1.2779998914803277,0.0
1.2779998914803277,-1.2779998914803277,0.0
1.2779998914803277,-1.2779998914803277,0.0
1.2779998914803277,-1.2779998914803277,0.0
1.2779998914803277,-1.2779998914803277,0.0
10.277999891480327,-1.2779998914803277,9.463689430614153
13.277999891480327,-1.2779998914803277,12.220947044378352
13.277999891480327,-1.2779998914803277,11.599125029198133
13.277999891480327,-1.2779998914803277,11.98363820983387
9.277999891480327,-1.2779998914803277,8.752217580025102
15.277999891480327,-1.2779998914803277,14.519486209908965
15.277999891480327,-1.2779998914803277,13.374800083732293
15.277999891480327,-1.2779998914803277,14.325581514890274
13.277999891480327,-1.2779998914803277,11.615526168090035
13.277999891480327,-1.2779998914803277,12.078349621042898
11.277999891480327,-1.2779998914803277,10.106907082707286
13.277999891480327,-1.2779998914803277,12.358580780974751
15.277999891480327,-1.2779998914803277,14.51318441050395
16.277999891480327,-1.2779998914803277,15.496829383278557
16.277999891480327,-1.2779998914803277,15.260316595733896
13.277999891480327,-1.2779998914803277,12.647581171931376
14.277999891480327,-1.2779998914803277,13.110621046694934
14.277999891480327,-1.2779998914803277,13.485317036227013
10.277999891480327,-1.2779998914803277,9.429909581724841
9.277999891480327,-1.2779998914803277,8.430640005435583
11.277999891480327,-1.2779998914803277,10.519949614816717
13.277999891480327,-1.2779998914803277,12.665455880093456
8.277999891480327,-1.2779998914803277,7.326604759557816
4.277999891480327,-1.2779998914803277,3.999112588179738
1.2779998914803277,-1.2779998914803277,0.0
1.2779998914803277,-1.2779998914803277,0.0
1.2779998914803277,-1.2779998914803277,0.0
1.2779998914803277,-1.2779998914803277,0.0
1.2779998914803277,-1.2779998914803277,1.1259173159283995
1.2779998914803277,-1.2779998914803277,1.1100538638358068
8.277999891480327,-1.2779998914803277,7.470549320807734
6.277999891480327,-1.2779998914803277,5.863415928864627
3.2779998914803277,-1.2779998914803277,3.1633391151869343
1.2779998914803277,-1.2779998914803277,0.0
1.2779998914803277,-1.2779998914803277,0.0
1.2779998914803277,-1.2779998914803277,0.0
1.2779998914803277,-1.2779998914803277,0.0
1.2779998914803277,-1.2779998914803277,0.0
1.2779998914803277,-1.2779998914803277,0.0
1.2779998914803277,-1.2779998914803277,0.0
1.2779998914803277,-1.2779998914803277,0.0
1.2779998914803277,-1.2779998914803277,0.0
1.2779998914803277,-1.2779998914803277,0.0
1.2779998914803277,-1.2779998914803277,0.0
1.2779998914803277,-1.2779998914803277,0.0
1.2779998914803277,-1.2779998914803277,0.0
1.2779998914803277,-1.2779998914803277,0.0
1.2779998914803277,-1.2779998914803277,0.0
1.2779998914803277,-1.2779998914803277,0.0
2.2779998914803277,-1.2779998914803277,2.217798567158531
1.2779998914803277,-1.2779998914803277,0.0
1.2779998914803277,-1.2779998914803277,0.0
1.2779998914803277,-1.2779998914803277,0.4279547084883832
1.2779998914803277,-1.2779998914803277,0.0
7.277999891480327,-1.2779998914803277,6.623985976587824
10.277999891480327,-1.2779998914803277,10.045398060940856
11.277999891480327,-1.2779998914803277,10.517770276884454
1.2779998914803277,-1.2779998914803277,1.4718126961114337
1.2779998914803277,-1.2779998914803277,0.0
1.2779998914803277,-1.2779998914803277,0.0
1.2779998914803277,-1.2779998914803277,0.0
1.2779998914803277,-1.2779998914803277,0.0
1.2779998914803277,-1.2779998914803277,0.0
1.2779998914803277,-1.2779998914803277,0.0
1.2779998914803277,-1.2779998914803277,0.0
1.2779998914803277,-1.2779998914803277,0.0
1.2779998914803277,-1.2779998914803277,0.0
1.2779998914803277,-1.2779998914803277,0.0
1.2779998914803277,-1.2779998914803277,0.0
1.2779998914803277,-1.2779998914803277,0.0
4.277999891480327,-1.2779998914803277,2.4841084213324045
12.277999891480327,-1.2779998914803277,9.378302795774797
19.277999891480327,-1.2779998914803277,15.325305636279282
27.277999891480327,-1.2779998914803277,21.403837220187206
35.27799989148033,-1.2779998914803277,27.641795581492065
31.277999891480327,-1.2779998914803277,25.181438564836508
21.277999891480327,-1.2779998914803277,18.172869767774404
26.277999891480327,-1.2779998914803277,22.264936254328507
24.277999891480327,-1.2779998914803277,21.240618645496117
23.277999891480327,-1.2779998914803277,20.600626832605833
26.277999891480327,-1.2779998914803277,22.588969214790314
34.27799989148033,-1.2779998914803277,29.000203450352558
41.27799989148033,-1.2779998914803277,34.190455939603474
33.27799989148033,-1.2779998914803277,28.855662481674425
24.277999891480327,-1.2779998914803277,22.22602477128371
19.277999891480327,-1.2779998914803277,18.332547297577698
16.277999891480327,-1.2779998914803277,15.207859677086136
14.277999891480327,-1.2779998914803277,12.995868792253576
13.277999891480327,-1.2779998914803277,11.782685295436588
1.2779998914803277,-1.2779998914803277,1.3027500395082088
7.277999891480327,-1.2779998914803277,6.549435247877007
4.277999891480327,-1.2779998914803277,4.009309595619634
2.2779998914803277,-1.2779998914803277,1.4886592001568435
1.2779998914803277,-1.2779998914803277,1.1508687441456689
1.2779998914803277,-1.2779998914803277,0.0
1.2779998914803277,-1.2779998914803277,0.0
1.2779998914803277,-1.2779998914803277,0.0
1.2779998914803277,-1.2779998914803277,0.0
1.2779998914803277,-1.2779998914803277,0.0
1.2779998914803277,-1.2779998914803277,0.0
1.2779998914803277,-1.2779998914803277,0.0
1.2779998914803277,-1.2779998914803277,0.0
2.2779998914803277,-1.2779998914803277,1.7801698892475015
1.2779998914803277,-1.2779998914803277,0.0
1.2779998914803277,-1.2779998914803277,0.0
1.2779998914803277,-1.2779998914803277,0.0
1.2779998914803277,-1.2779998914803277,0.0
1.2779998914803277,-1.2779998914803277,0.0
1.2779998914803277,-1.2779998914803277,0.0
1.2779998914803277,-1.2779998914803277,0.0
1.2779998914803277,-1.2779998914803277,0.7920906969285202
1.2779998914803277,-1.2779998914803277,0.0
1.2779998914803277,-1.2779998914803277,0.0
1.2779998914803277,-1.2779998914803277,0.0
1.2779998914803277,-1.2779998914803277,0.0
1.2779998914803277,-1.2779998914803277,0.0
1.2779998914803277,-1.2779998914803277,0.0
1.2779998914803277,-1.2779998914803277,0.0
1.2779998914803277,-1.2779998914803277,0.0
1.2779998914803277,-1.2779998914803277,0.0
1.2779998914803277,-1.2779998914803277,0.0
1.2779998914803277,-1.2779998914803277,0.0
1.2779998914803277,-1.2779998914803277,0.0
1.2779998914803277,-1.2779998914803277,0.0
1.2779998914803277,-1.2779998914803277,0.0
2.2779998914803277,-1.2779998914803277,1.5074367179741937
1.2779998914803277,-1.2779998914803277,0.0
1.2779998914803277,-1.2779998914803277,0.0
1.2779998914803277,-1.2779998914803277,0.0
1.2779998914803277,-1.2779998914803277,0.0
1.2779998914803277,-1.2779998914803277,0.0
1.2779998914803277,-1.2779998914803277,0.0
1.2779998914803277,-1.2779998914803277,0.0
1.2779998914803277,-1.2779998914803277,0.0
1.2779998914803277,-1.2779998914803277,0.0
1.2779998914803277,-1.2779998914803277,0.0
1.2779998914803277,-1.2779998914803277,0.0
1.2779998914803277,-1.2779998914803277,0.0
1.2779998914803277,-1.2779998914803277,0.0
1.2779998914803277,-1.2779998914803277,0.0
1.2779998914803277,-1.2779998914803277,0.0
1.2779998914803277,-1.2779998914803277,0.0
1.2779998914803277,-1.2779998914803277,0.0
1.2779998914803277,-1.2779998914803277,0.0
1.2779998914803277,-1.2779998914803277,0.0
1.2779998914803277,-1.2779998914803277,0.0
1.2779998914803277,-1.2779998914803277,0.0
1.2779998914803277,-1.2779998914803277,0.0
1.2779998914803277,-1.2779998914803277,0.0
1.2779998914803277,-1.2779998914803277,0.0
1.2779998914803277,-1.2779998914803277,0.0
1.2779998914803277,-1.2779998914803277,0.0
1.2779998914803277,-1.2779998914803277,0.0
1.2779998914803277,-1.2779998914803277,0.0
1.2779998914803277,-1.2779998914803277,0.0
1.2779998914803277,-1.2779998914803277,0.0
1.2779998914803277,-1.2779998914803277,0.0
1.2779998914803277,-1.2779998914803277,0.0
1.2779998914803277,-1.2779998914803277,0.0
1.2779998914803277,-1.2779998914803277,0.0
1.2779998914803277,-1.2779998914803277,0.0
1.2779998914803277,-1.2779998914803277,0.0
1.2779998914803277,-1.2779998914803277,0.0
1.2779998914803277,-1.2779998914803277,1.0044082643527985
8.277999891480327,-1.2779998914803277,5.934260579998384
15.277999891480327,-1.2779998914803277,12.383561876789768
23.277999891480327,-1.2779998914803277,18.177641689298465
30.277999891480327,-1.2779998914803277,24.16256951875135
36.27799989148033,-1.2779998914803277,28.652943498510304
23.277999891480327,-1.2779998914803277,19.83298146042561
26.277999891480327,-1.2779998914803277,21.954010042453888
32.27799989148033,-1.2779998914803277,27.089646177284564
27.277999891480327,-1.2779998914803277,23.56709409775898
26.277999891480327,-1.2779998914803277,23.10607266757792
25.277999891480327,-1.2779998914803277,22.225134725993456
26.277999891480327,-1.2779998914803277,23.154157256114754
28.277999891480327,-1.2779998914803277,25.099573254725918
20.277999891480327,-1.2779998914803277,18.841445157800234
24.277999891480327,-1.2779998914803277,22.264967515301326
22.277999891480327,-1.2779998914803277,21.077302733846036
20.277999891480327,-1.2779998914803277,19.57059623242328
12.277999891480327,-1.2779998914803277,10.669517201745217
8.277999891480327,-1.2779998914803277,7.2969652922456545
7.277999891480327,-1.2779998914803277,6.091294043980162
11.277999891480327,-1.2779998914803277,10.325553250933332
2.2779998914803277,-1.2779998914803277,1.485395519576737
1.2779998914803277,-1.2779998914803277,0.0
1.2779998914803277,-1.2779998914803277,0.0
1.2779998914803277,-1.2779998914803277,0.0
1.2779998914803277,-1.2779998914803277,0.0
1.2779998914803277,-1.2779998914803277,0.0
1.2779998914803277,-1.2779998914803277,0.0
1.2779998914803277,-1.2779998914803277,0.0
1.2779998914803277,-1.2779998914803277,0.0
1.2779998914803277,-1.2779998914803277,0.0
1.2779998914803277,-1.2779998914803277,0.0
1.2779998914803277,-1.2779998914803277,0.0
1.2779998914803277,-1.2779998914803277,0.0
1.2779998914803277,-1.2779998914803277,0.0
1.2779998914803277,-1.2779998914803277,0.0
1.2779998914803277,-1.2779998914803277,0.020174813600798272
1.2779998914803277,-1.2779998914803277,0.0
1.2779998914803277,-1.2779998914803277,0.0
1.2779998914803277,-1.2779998914803277,0.0
1.2779998914803277,-1.2779998914803277,0.0
1.2779998914803277,-1.2779998914803277,0.0
1.2779998914803277,-1.2779998914803277,0.0
1.2779998914803277,-1.2779998914803277,0.0
1.2779998914803277,-1.2779998914803277,0.0
1.2779998914803277,-1.2779998914803277,0.0
1.2779998914803277,-1.2779998914803277,0.0
1.2779998914803277,-1.2779998914803277,0.0
1.2779998914803277,-1.2779998914803277,0.020049629143067054
1.2779998914803277,-1.2779998914803277,0.36965288019174797
3.2779998914803277,-1.2779998914803277,2.253285510615061
10.277999891480327,-1.2779998914803277,7.844658361955647
13.277999891480327,-1.2779998914803277,10.450956019936765
14.277999891480327,-1.2779998914803277,11.659084186586174
4.277999891480327,-1.2779998914803277,3.583729809091924
1.2779998914803277,-1.2779998914803277,0.0
6.277999891480327,-1.2779998914803277,5.553176609394265
11.277999891480327,-1.2779998914803277,10.392128806300507
10.277999891480327,-1.2779998914803277,9.660893223593213
3.2779998914803277,-1.2779998914803277,2.399335487914106
1.2779998914803277,-1.2779998914803277,0.0
1.2779998914803277,-1.2779998914803277,0.0
1.2779998914803277,-1.2779998914803277,0.0
1.2779998914803277,-1.2779998914803277,0.0
1.2779998914803277,-1.2779998914803277,0.9897937563924906
1.2779998914803277,-1.2779998914803277,0.0
2.2779998914803277,-1.2779998914803277,1.899392378921842
2.2779998914803277,-1.2779998914803277,1.6045949864018185
1.2779998914803277,-1.2779998914803277,0.398609936552818
1.2779998914803277,-1.2779998914803277,0.0
1.2779998914803277,-1.2779998914803277,0.0
1.2779998914803277,-1.2779998914803277,0.19696025418932456
4.277999891480327,-1.2779998914803277,3.3696709815537194
5.277999891480327,-1.2779998914803277,4.658065720385986
4.277999891480327,-1.2779998914803277,3.9082806440354094
8.277999891480327,-1.2779998914803277,7.4475764096451655
7.277999891480327,-1.2779998914803277,6.770116835132224
10.277999891480327,-1.2779998914803277,9.339918111371556
9.277999891480327,-1.2779998914803277,8.607052234934482
9.277999891480327,-1.2779998914803277,8.864058051537755
11.277999891480327,-1.2779998914803277,10.130056157669388
11.277999891480327,-1.2779998914803277,10.18237064283631
12.277999891480327,-1.2779998914803277,11.19741641578965
14.277999891480327,-1.2779998914803277,13.207012591355273
11.277999891480327,-1.2779998914803277,10.659876326614945
14.277999891480327,-1.2779998914803277,13.373041596952632
11.277999891480327,-1.2779998914803277,10.525571894705378
10.277999891480327,-1.2779998914803277,9.616635133268696
6.277999891480327,-1.2779998914803277,5.492717546567514
4.277999891480327,-1.2779998914803277,3.3827241633431147
1.2779998914803277,-1.2779998914803277,0.0
1.2779998914803277,-1.2779998914803277,0.0
1.2779998914803277,-1.2779998914803277,0.0
1.2779998914803277,-1.2779998914803277,0.0
1.2779998914803277,-1.2779998914803277,0.0
1.2779998914803277,-1.2779998914803277,0.0
1.2779998914803277,-1.2779998914803277,0.0
1.2779998914803277,-1.2779998914803277,0.0
1.2779998914803277,-1.2779998914803277,0.0
1.2779998914803277,-1.2779998914803277,0.0
1.2779998914803277,-1.2779998914803277,0.0
1.2779998914803277,-1.2779998914803277,0.0
1.2779998914803277,-1.2779998914803277,0.0
1.2779998914803277,-1.2779998914803277,0.0
1.2779998914803277,-1.2779998914803277,0.0
1.2779998914803277,-1.2779998914803277,0.0
1.2779998914803277,-1.2779998914803277,0.0
1.2779998914803277,-1.2779998914803277,0.0
1.2779998914803277,-1.2779998914803277,0.0
1.2779998914803277,-1.2779998914803277,0.0
1.2779998914803277,-1.2779998914803277,0.0
1.2779998914803277,-1.2779998914803277,0.0
1.2779998914803277,-1.2779998914803277,0.0
1.2779998914803277,-1.2779998914803277,0.0
1.2779998914803277,-1.2779998914803277,0.0
4.277999891480327,-1.2779998914803277,2.8369693973153303
13.277999891480327,-1.2779998914803277,9.859836941748746
20.277999891480327,-1.2779998914803277,15.817409528193508
27.277999891480327,-1.2779998914803277,21.678437747432366
34.27799989148033,-1.2779998914803277,27.39336556160298
41.27799989148033,-1.2779998914803277,32.89939760216056
36.27799989148033,-1.2779998914803277,29.986690488656684
31.277999891480327,-1.2779998914803277,26.39268450346139
13.277999891480327,-1.2779998914803277,12.902230360963593
3.2779998914803277,-1.2779998914803277,2.480341241023255
1.2779998914803277,-1.2779998914803277,1.4753237577581642
1.2779998914803277,-1.2779998914803277,0.0
1.2779998914803277,-1.2779998914803277,0.0
1.2779998914803277,-1.2779998914803277,0.0
1.2779998914803277,-1.2779998914803277,0.0
1.2779998914803277,-1.2779998914803277,0.0
1.2779998914803277,-1.2779998914803277,0.0
1.2779998914803277,-1.2779998914803277,0.0
1.2779998914803277,-1.2779998914803277,0.0
1.2779998914803277,-1.2779998914803277,0.0
1.2779998914803277,-1.2779998914803277,0.0
1.2779998914803277,-1.2779998914803277,0.0
1.2779998914803277,-1.2779998914803277,0.0
1.2779998914803277,-1.2779998914803277,0.0
1.2779998914803277,-1.2779998914803277,0.0
1.2779998914803277,-1.2779998914803277,0.0
1.2779998914803277,-1.2779998914803277,0.0
1.2779998914803277,-1.2779998914803277,0.0
1.2779998914803277,-1.2779998914803277,0.03890562888765449
1.2779998914803277,-1.2779998914803277,0.9469659488050874
4.277999891480327,-1.2779998914803277,3.165806444019657
11.277999891480327,-1.2779998914803277,8.400051993404931
17.277999891480327,-1.2779998914803277,13.66699858305479
13.277999891480327,-1.2779998914803277,11.196253700634017
6.277999891480327,-1.2779998914803277,5.022648768126169
1.2779998914803277,-1.2779998914803277,0.5871508466464751
1.2779998914803277,-1.2779998914803277,0.0
1.2779998914803277,-1.2779998914803277,0.4924389182699217
1.2779998914803277,-1.2779998914803277,0.7272302078821727
1.2779998914803277,-1.2779998914803277,0.0
4.277999891480327,-1.2779998914803277,3.505582786308474
8.277999891480327,-1.2779998914803277,7.2371601271880595
8.277999891480327,-1.2779998914803277,7.528744005171248
9.277999891480327,-1.2779998914803277,8.529780519571998
5.277999891480327,-1.2779998914803277,4.629687602630882
7.277999891480327,-1.2779998914803277,6.149309974858913
1.2779998914803277,-1.2779998914803277,0.0
1.2779998914803277,-1.2779998914803277,0.0
1.2779998914803277,-1.2779998914803277,0.0
1.2779998914803277,-1.2779998914803277,0.0
1.2779998914803277,-1.2779998914803277,0.0
1.2779998914803277,-1.2779998914803277,0.0
1.2779998914803277,-1.2779998914803277,0.0
1.2779998914803277,-1.2779998914803277,0.0
1.2779998914803277,-1.2779998914803277,0.0
1.2779998914803277,-1.2779998914803277,0.0
1.2779998914803277,-1.2779998914803277,0.0
1.2779998914803277,-1.2779998914803277,0.0
1.2779998914803277,-1.2779998914803277,0.0
1.2779998914803277,-1.2779998914803277,0.0
1.2779998914803277,-1.2779998914803277,0.0
1.2779998914803277,-1.2779998914803277,0.0
2.2779998914803277,-1.2779998914803277,1.5877705487956537
1.2779998914803277,-1.2779998914803277,0.7046427331748296
1.2779998914803277,-1.2779998914803277,1.438803069535982
1.2779998914803277,-1.2779998914803277,0.0
1.2779998914803277,-1.2779998914803277,0.0
1.2779998914803277,-1.2779998914803277,0.0
1.2779998914803277,-1.2779998914803277,0.0
1.2779998914803277,-1.2779998914803277,0.0
1.2779998914803277,-1.2779998914803277,0.0
1.2779998914803277,-1.2779998914803277,0.0
1.2779998914803277,-1.2779998914803277,0.0
1.2779998914803277,-1.2779998914803277,0.0
1.2779998914803277,-1.2779998914803277,0.0
1.2779998914803277,-1.2779998914803277,0.0
1.2779998914803277,-1.2779998914803277,0.0
1.2779998914803277,-1.2779998914803277,0.0
1.2779998914803277,-1.2779998914803277,0.0
1.2779998914803277,-1.2779998914803277,0.0
1.2779998914803277,-1.2779998914803277,0.0
1.2779998914803277,-1.2779998914803277,0.0
1.2779998914803277,-1.2779998914803277,0.0
1.2779998914803277,-1.2779998914803277,0.5691822106628993
1.2779998914803277,-1.2779998914803277,0.1714431953012254
1.2779998914803277,-1.2779998914803277,0.17339289161865667
1.2779998914803277,-1.2779998914803277,0.17534173717787954
1.2779998914803277,-1.2779998914803277,0.17728969276008635
1.2779998914803277,-1.2779998914803277,0.6724159953455174
3.2779998914803277,-1.2779998914803277,2.238052381288038
3.2779998914803277,-1.2779998914803277,2.376364831382842
4.277999891480327,-1.2779998914803277,3.020030459451525
6.277999891480327,-1.2779998914803277,4.639590430479105
9.277999891480327,-1.2779998914803277,7.298261579114573
13.277999891480327,-1.2779998914803277,10.521116059786118
6.277999891480327,-1.2779998914803277,4.961239185986615
1.2779998914803277,-1.2779998914803277,0.0
1.2779998914803277,-1.2779998914803277,0.0
1.2779998914803277,-1.2779998914803277,0.0
9.277999891480327,-1.2779998914803277,7.157848139203165
16.277999891480327,-1.2779998914803277,13.564479537252163
27.277999891480327,-1.2779998914803277,22.094182626934792
34.27799989148033,-1.2779998914803277,27.329221482148846
34.27799989148033,-1.2779998914803277,28.064144170243214
26.277999891480327,-1.2779998914803277,22.465635329146902
19.277999891480327,-1.2779998914803277,17.824333011364455
16.277999891480327,-1.2779998914803277,15.13960460724574
22.277999891480327,-1.2779998914803277,19.860104146508032
20.277999891480327,-1.2779998914803277,18.90687335172339
20.277999891480327,-1.2779998914803277,18.65955460891968
19.277999891480327,-1.2779998914803277,18.188591522635857
15.277999891480327,-1.2779998914803277,14.33007561587743
9.277999891480327,-1.2779998914803277,9.1602060584608
9.277999891480327,-1.2779998914803277,8.778043386979776
13.277999891480327,-1.2779998914803277,13.18760679736141
13.277999891480327,-1.2779998914803277,12.793488088877597
13.277999891480327,-1.2779998914803277,12.296296519677348
12.277999891480327,-1.2779998914803277,11.701416181538738
11.277999891480327,-1.2779998914803277,11.015307570487897
15.277999891480327,-1.2779998914803277,15.257388194705037
11.277999891480327,-1.2779998914803277,10.57963985296876
13.277999891480327,-1.2779998914803277,12.71078010953496
10.277999891480327,-1.2779998914803277,9.771641270781794
10.277999891480327,-1.2779998914803277,9.745928705599763
10.277999891480327,-1.2779998914803277,9.700186622800652
7.277999891480327,-1.2779998914803277,6.462395480155562
5.277999891480327,-1.2779998914803277,4.171137341784172
5.277999891480327,-1.2779998914803277,4.995201601905248
3.2779998914803277,-1.2779998914803277,2.6874487175861055
8.277999891480327,-1.2779998914803277,7.937601215870692
8.277999891480327,-1.2779998914803277,6.862564110086928
3.2779998914803277,-1.2779998914803277,2.3236938477493827
4.277999891480327,-1.2779998914803277,3.5064326438798017
1.2779998914803277,-1.2779998914803277,0.0
1.2779998914803277,-1.2779998914803277,0.0
1.2779998914803277,-1.2779998914803277,0.0
1.2779998914803277,-1.2779998914803277,0.0
1.2779998914803277,-1.2779998914803277,0.0
1.2779998914803277,-1.2779998914803277,0.0
1.2779998914803277,-1.2779998914803277,0.0
1.2779998914803277,-1.2779998914803277,0.0
1.2779998914803277,-1.2779998914803277,0.0
1.2779998914803277,-1.2779998914803277,0.0
1.2779998914803277,-1.2779998914803277,0.0
1.2779998914803277,-1.2779998914803277,0.0
1.2779998914803277,-1.2779998914803277,0.0
1.2779998914803277,-1.2779998914803277,0.0
1.2779998914803277,-1.2779998914803277,0.0
1.2779998914803277,-1.2779998914803277,0.0
1.2779998914803277,-1.2779998914803277,0.0
1.2779998914803277,-1.2779998914803277,0.0
1.2779998914803277,-1.2779998914803277,0.0
1.2779998914803277,-1.2779998914803277,0.0
1.2779998914803277,-1.2779998914803277,0.0
1.2779998914803277,-1.2779998914803277,0.0
1.2779998914803277,-1.2779998914803277,0.0
1.2779998914803277,-1.2779998914803277,0.0
1.2779998914803277,-1.2779998914803277,0.0
1.2779998914803277,-1.2779998914803277,0.0
1.2779998914803277,-1.2779998914803277,0.0
1.2779998914803277,-1.2779998914803277,0.0
1.2779998914803277,-1.2779998914803277,0.0
1.2779998914803277,-1.2779998914803277,0.0
1.2779998914803277,-1.2779998914803277,0.0
1.2779998914803277,-1.2779998914803277,0.0
1.2779998914803277,-1.2779998914803277,0.0
1.2779998914803277,-1.2779998914803277,0.0
1.2779998914803277,-1.2779998914803277,0.0
1.2779998914803277,-1.2779998914803277,0.0
1.2779998914803277,-1.2779998914803277,0.44242792231435635
6.277999891480327,-1.2779998914803277,4.876141901980305
10.277999891480327,-1.2779998914803277,8.253875784281188
14.277999891480327,-1.2779998914803277,11.679144759779996
7.277999891480327,-1.2779998914803277,5.7009176970347095
8.277999891480327,-1.2779998914803277,7.273343475880423
8.277999891480327,-1.2779998914803277,6.967570449296282
7.277999891480327,-1.2779998914803277,6.430035437789718
5.277999891480327,-1.2779998914803277,4.907885150039288
3.2779998914803277,-1.2779998914803277,2.3433092606592383
5.277999891480327,-1.2779998914803277,4.759416468807905
2.2779998914803277,-1.2779998914803277,2.0807103956874897
1.2779998914803277,-1.2779998914803277,0.0
1.2779998914803277,-1.2779998914803277,1.0388949836397303
1.2779998914803277,-1.2779998914803277,0.0
1.2779998914803277,-1.2779998914803277,0.0
1.2779998914803277,-1.2779998914803277,0.0
1.2779998914803277,-1.2779998914803277,0.0
1.2779998914803277,-1.2779998914803277,0.0
1.2779998914803277,-1.2779998914803277,0.0
1.2779998914803277,-1.2779998914803277,0.0
1.2779998914803277,-1.2779998914803277,0.0
1.2779998914803277,-1.2779998914803277,0.0
1.2779998914803277,-1.2779998914803277,0.0
1.2779998914803277,-1.2779998914803277,0.0
1.2779998914803277,-1.2779998914803277,0.0
1.2779998914803277,-1.2779998914803277,0.0
1.2779998914803277,-1.2779998914803277,0.0
1.2779998914803277,-1.2779998914803277,0.0
1.2779998914803277,-1.2779998914803277,0.0
1.2779998914803277,-1.2779998914803277,0.0
1.2779998914803277,-1.2779998914803277,0.0
1.2779998914803277,-1.2779998914803277,0.0
1.2779998914803277,-1.2779998914803277,0.0
1.2779998914803277,-1.2779998914803277,0.0
1.2779998914803277,-1.2779998914803277,0.0
1.2779998914803277,-1.2779998914803277,0.0
1.2779998914803277,-1.2779998914803277,0.0
1.2779998914803277,-1.2779998914803277,0.0
1.2779998914803277,-1.2779998914803277,0.0
1.2779998914803277,-1.2779998914803277,0.0
1.2779998914803277,-1.2779998914803277,0.0
1.2779998914803277,-1.2779998914803277,0.0
1.2779998914803277,-1.2779998914803277,0.0
1.2779998914803277,-1.2779998914803277,0.0
1.2779998914803277,-1.2779998914803277,0.0
1.2779998914803277,-1.2779998914803277,0.0
1.2779998914803277,-1.2779998914803277,0.0
1.2779998914803277,-1.2779998914803277,0.0
1.2779998914803277,-1.2779998914803277,0.0
1.2779998914803277,-1.2779998914803277,0.0
1.2779998914803277,-1.2779998914803277,0.0
6.277999891480327,-1.2779998914803277,4.662268469123113
11.277999891480327,-1.2779998914803277,8.995484028318982
15.277999891480327,-1.2779998914803277,12.554516831837097
22.277999891480327,-1.2779998914803277,17.934808644331817
27.277999891480327,-1.2779998914803277,22.06754610088285
31.277999891480327,-1.2779998914803277,25.172652507014142
12.277999891480327,-1.2779998914803277,10.957223285122165
16.277999891480327,-1.2779998914803277,14.764557211391494
40.27799989148033,-1.2779998914803277,32.288768189452625
23.277999891480327,-1.2779998914803277,20.420641656995677
21.277999891480327,-1.2779998914803277,18.776682962987557
14.277999891480327,-1.2779998914803277,13.74165735278035
10.277999891480327,-1.2779998914803277,9.24243730218367
8.277999891480327,-1.2779998914803277,7.3337582863399895
7.277999891480327,-1.2779998914803277,7.106050167181051
8.277999891480327,-1.2779998914803277,7.657011725696591
7.277999891480327,-1.2779998914803277,6.481413548864252
1.2779998914803277,-1.2779998914803277,0.0
1.2779998914803277,-1.2779998914803277,0.0
9.277999891480327,-1.2779998914803277,7.928209711439841
11.277999891480327,-1.2779998914803277,9.705966397759086
11.277999891480327,-1.2779998914803277,9.65686868060813
12.277999891480327,-1.2779998914803277,10.964205614650124
17.277999891480327,-1.2779998914803277,15.470767727800515
28.277999891480327,-1.2779998914803277,23.689959589148593
30.277999891480327,-1.2779998914803277,25.554758326883118
26.277999891480327,-1.2779998914803277,23.080079695263073
10.277999891480327,-1.2779998914803277,9.57876226556201
5.277999891480327,-1.2779998914803277,4.934169533543937
5.277999891480327,-1.2779998914803277,4.859502710297326
1.2779998914803277,-1.2779998914803277,0.0
1.2779998914803277,-1.2779998914803277,0.0
1.2779998914803277,-1.2779998914803277,0.0
1.2779998914803277,-1.2779998914803277,0.0
1.2779998914803277,-1.2779998914803277,1.1867524236617946
15.277999891480327,-1.2779998914803277,14.198140489584622
18.277999891480327,-1.2779998914803277,16.767063645512575
15.277999891480327,-1.2779998914803277,14.889904826855435
14.277999891480327,-1.2779998914803277,13.239300080512583
7.277999891480327,-1.2779998914803277,7.070441350880805
1.2779998914803277,-1.2779998914803277,0.37715767187285687
1.2779998914803277,-1.2779998914803277,0.0
1.2779998914803277,-1.2779998914803277,0.0
1.2779998914803277,-1.2779998914803277,0.0
1.2779998914803277,-1.2779998914803277,0.0
1.2779998914803277,-1.2779998914803277,0.0
1.2779998914803277,-1.2779998914803277,0.0
1.2779998914803277,-1.2779998914803277,0.0
1.2779998914803277,-1.2779998914803277,0.0
1.2779998914803277,-1.2779998914803277,0.0
1.2779998914803277,-1.2779998914803277,0.0
1.2779998914803277,-1.2779998914803277,0.0
1.2779998914803277,-1.2779998914803277,0.0
1.2779998914803277,-1.2779998914803277,0.0
1.2779998914803277,-1.2779998914803277,0.0
1.2779998914803277,-1.2779998914803277,0.0
1.2779998914803277,-1.2779998914803277,1.3264214005903958
5.277999891480327,-1.2779998914803277,4.5728866657403175
1.2779998914803277,-1.2779998914803277,0.0
1.2779998914803277,-1.2779998914803277,0.0
7.277999891480327,-1.2779998914803277,6.24373509335163
11.277999891480327,-1.2779998914803277,9.932487399228796
15.277999891480327,-1.2779998914803277,13.94019313659744
20.277999891480327,-1.2779998914803277,19.558209562284397
18.277999891480327,-1.2779998914803277,17.000873899734586
17.277999891480327,-1.2779998914803277,16.527337079649932
17.277999891480327,-1.2779998914803277,15.820418757754709
18.277999891480327,-1.2779998914803277,17.401425962518633
19.277999891480327,-1.2779998914803277,18.853845350273467
17.277999891480327,-1.2779998914803277,16.24313038237646
16.277999891480327,-1.2779998914803277,14.534207035347867
17.277999891480327,-1.2779998914803277,16.311711586846066
18.277999891480327,-1.2779998914803277,16.630920655381782
19.277999891480327,-1.2779998914803277,19.259555513856903
25.277999891480327,-1.2779998914803277,23.116057805981583
14.277999891480327,-1.2779998914803277,12.723905296960174
12.277999891480327,-1.2779998914803277,10.728652041144327
12.277999891480327,-1.2779998914803277,10.985944633651776
19.277999891480327,-1.2779998914803277,18.47609114164068
20.277999891480327,-1.2779998914803277,20.03637441224275
18.277999891480327,-1.2779998914803277,17.690316411331388
15.277999891480327,-1.2779998914803277,13.770750155984182
12.277999891480327,-1.2779998914803277,10.871693799838141
8.277999891480327,-1.2779998914803277,6.571414891268648
1.2779998914803277,-1.2779998914803277,0.0
1.2779998914803277,-1.2779998914803277,0.0
4.277999891480327,-1.2779998914803277,3.4608920513681314
5.277999891480327,-1.2779998914803277,4.195154224797656
6.277999891480327,-1.2779998914803277,5.035745805807973
4.277999891480327,-1.2779998914803277,3.495932282172673
4.277999891480327,-1.2779998914803277,3.311370043092049
1.2779998914803277,-1.2779998914803277,0.0
1.2779998914803277,-1.2779998914803277,0.0
1.2779998914803277,-1.2779998914803277,0.0
1.2779998914803277,-1.2779998914803277,0.0
1.2779998914803277,-1.2779998914803277,0.0
1.2779998914803277,-1.2779998914803277,0.0
1.2779998914803277,-1.2779998914803277,0.0
1.2779998914803277,-1.2779998914803277,0.0
1.2779998914803277,-1.2779998914803277,0.0
1.2779998914803277,-1.2779998914803277,0.0
1.2779998914803277,-1.2779998914803277,0.0
1.2779998914803277,-1.2779998914803277,0.0
1.2779998914803277,-1.2779998914803277,0.0
1.2779998914803277,-1.2779998914803277,0.0
1.2779998914803277,-1.2779998914803277,0.0
1.2779998914803277,-1.2779998914803277,0.0
1.2779998914803277,-1.2779998914803277,0.0
1.2779998914803277,-1.2779998914803277,0.0
1.2779998914803277,-1.2779998914803277,0.0
1.2779998914803277,-1.2779998914803277,0.0
1.2779998914803277,-1.2779998914803277,0.0
1.2779998914803277,-1.2779998914803277,0.0
1.2779998914803277,-1.2779998914803277,0.0
1.2779998914803277,-1.2779998914803277,0.0
1.2779998914803277,-1.2779998914803277,0.0
1.2779998914803277,-1.2779998914803277,0.0
1.2779998914803277,-1.2779998914803277,0.0
1.2779998914803277,-1.2779998914803277,0.0
1.2779998914803277,-1.2779998914803277,0.0
1.2779998914803277,-1.2779998914803277,0.0
1.2779998914803277,-1.2779998914803277,0.0
1.2779998914803277,-1.2779998914803277,0.0
1.2779998914803277,-1.2779998914803277,0.0
1.2779998914803277,-1.2779998914803277,0.0
1.2779998914803277,-1.2779998914803277,0.0
1.2779998914803277,-1.2779998914803277,0.0
1.2779998914803277,-1.2779998914803277,0.0
1.2779998914803277,-1.2779998914803277,0.0
1.2779998914803277,-1.2779998914803277,0.0
1.2779998914803277,-1.2779998914803277,0.0
1.2779998914803277,-1.2779998914803277,0.0
1.2779998914803277,-1.2779998914803277,0.0
1.2779998914803277,-1.2779998914803277,0.0
1.2779998914803277,-1.2779998914803277,0.0
1.2779998914803277,-1.2779998914803277,0.0
1.2779998914803277,-1.2779998914803277,0.0
1.2779998914803277,-1.2779998914803277,0.0
1.2779998914803277,-1.2779998914803277,0.0
1.2779998914803277,-1.2779998914803277,0.0
1.2779998914803277,-1.2779998914803277,0.0
1.2779998914803277,-1.2779998914803277,0.0
1.2779998914803277,-1.2779998914803277,0.0
5.277999891480327,-1.2779998914803277,3.442819624003778
9.277999891480327,-1.2779998914803277,6.923719984456226
13.277999891480327,-1.2779998914803277,10.479191772331449
16.277999891480327,-1.2779998914803277,14.155780465602875
21.277999891480327,-1.2779998914803277,18.013509292784484
26.277999891480327,-1.2779998914803277,22.12829056329082
19.277999891480327,-1.2779998914803277,17.519364420534394
18.277999891480327,-1.2779998914803277,17.17308687595048
14.277999891480327,-1.2779998914803277,13.145489813219283
6.277999891480327,-1.2779998914803277,5.160685486870133
1.2779998914803277,-1.2779998914803277,0.0
1.2779998914803277,-1.2779998914803277,0.0
1.2779998914803277,-1.2779998914803277,0.0
7.277999891480327,-1.2779998914803277,6.585710812571919
7.277999891480327,-1.2779998914803277,6.879660215989475
9.277999891480327,-1.2779998914803277,8.187846204087865
12.277999891480327,-1.2779998914803277,11.647333288869106
27.277999891480327,-1.2779998914803277,24.54228341961557
3.2779998914803277,-1.2779998914803277,2.8382012094334748
1.2779998914803277,-1.2779998914803277,0.0
1.2779998914803277,-1.2779998914803277,0.0
1.2779998914803277,-1.2779998914803277,0.0
1.2779998914803277,-1.2779998914803277,0.0
6.277999891480327,-1.2779998914803277,5.382372240206444
18.277999891480327,-1.2779998914803277,16.11840054353066
15.277999891480327,-1.2779998914803277,13.877864521080486
26.277999891480327,-1.2779998914803277,22.405599192908376
39.27799989148033,-1.2779998914803277,32.2571861271206
43.27799989148033,-1.2779998914803277,36.813136019076445
43.27799989148033,-1.2779998914803277,46.618627961227475
43.27799989148033,-1.2779998914803277,56.92209908432797
43.27799989148033,-1.2779998914803277,59.480456635795676
43.27799989148033,-1.2779998914803277,59.11484253584836
40.27799989148033,-1.2779998914803277,35.680869421012076
43.27799989148033,-1.2779998914803277,49.864087532884575
40.27799989148033,-1.2779998914803277,35.999165032278356
43.27799989148033,-1.2779998914803277,41.213325581588734
39.27799989148033,-1.2779998914803277,35.68997091445052
40.27799989148033,-1.2779998914803277,36.815517486596534
23.277999891480327,-1.2779998914803277,20.675940645415498
19.277999891480327,-1.2779998914803277,15.209601857140662
16.277999891480327,-1.2779998914803277,9.846261733064463
1.2779998914803277,-1.2779998914803277,0.0
1.2779998914803277,-1.2779998914803277,0.0
1.2779998914803277,-1.2779998914803277,0.0
1.2779998914803277,-1.2779998914803277,0.0
1.2779998914803277,-1.2779998914803277,0.0
1.2779998914803277,-1.2779998914803277,0.0
1.2779998914803277,-1.2779998914803277,0.0
1.2779998914803277,-1.2779998914803277,0.0
2.2779998914803277,-1.2779998914803277,1.1691625605204534
8.277999891480327,-1.2779998914803277,5.068919469625867
20.277999891480327,-1.2779998914803277,15.23921960186346
25.277999891480327,-1.2779998914803277,22.032630673473697
28.277999891480327,-1.2779998914803277,27.036507749368944
29.277999891480327,-1.2779998914803277,27.803451810154733
35.27799989148033,-1.2779998914803277,34.1805096151149
43.27799989148033,-1.2779998914803277,40.088772261564145
41.27799989148033,-1.2779998914803277,38.904198931842984
43.27799989148033,-1.2779998914803277,42.898338642350986
43.27799989148033,-1.2779998914803277,48.07225582400367
43.27799989148033,-1.2779998914803277,54.559271471616064
43.27799989148033,-1.2779998914803277,51.15960642281414
41.27799989148033,-1.2779998914803277,39.42848152237868
32.27799989148033,-1.2779998914803277,30.688873221225332
25.277999891480327,-1.2779998914803277,20.97777727511338
18.277999891480327,-1.2779998914803277,10.739380832553254
1.2779998914803277,-1.2779998914803277,0.4575917309202361
3.2779998914803277,-1.2779998914803277,1.4637148752776254
2.2779998914803277,-1.2779998914803277,0.9059890044992721
1.2779998914803277,-1.2779998914803277,0.0
1.2779998914803277,-1.2779998914803277,0.0
1.2779998914803277,-1.2779998914803277,0.0
1.2779998914803277,-1.2779998914803277,0.0
1.2779998914803277,-1.2779998914803277,0.0
1.2779998914803277,-1.2779998914803277,0.0
1.2779998914803277,-1.2779998914803277,0.0
3.2779998914803277,-1.2779998914803277,1.400589189950766
6.277999891480327,-1.2779998914803277,2.7434694735828087
20.277999891480327,-1.2779998914803277,13.47688484190667
24.277999891480327,-1.2779998914803277,19.614869116677692
28.277999891480327,-1.2779998914803277,25.282174039244428
32.27799989148033,-1.2779998914803277,30.11871941546813
35.27799989148033,-1.2779998914803277,33.819274171830386
35.27799989148033,-1.2779998914803277,33.813908497568164
32.27799989148033,-1.2779998914803277,29.91512501998565
31.277999891480327,-1.2779998914803277,29.00196039459948
23.277999891480327,-1.2779998914803277,17.609802353780612
23.277999891480327,-1.2779998914803277,18.41094520349655
21.277999891480327,-1.2779998914803277,16.066519104695182
21.277999891480327,-1.2779998914803277,15.235380932247674
15.277999891480327,-1.2779998914803277,7.4815927739995765
12.277999891480327,-1.2779998914803277,6.1238712918666005
16.277999891480327,-1.2779998914803277,9.315152121743758
1.2779998914803277,-1.2779998914803277,0.0
1.2779998914803277,-1.2779998914803277,0.0
1.2779998914803277,-1.2779998914803277,0.0
1.2779998914803277,-1.2779998914803277,0.0
1.2779998914803277,-1.2779998914803277,0.0
1.2779998914803277,-1.2779998914803277,0.0
1.2779998914803277,-1.2779998914803277,0.0
1.2779998914803277,-1.2779998914803277,0.0
7.277999891480327,-1.2779998914803277,3.4483502463779865
1.2779998914803277,-1.2779998914803277,0.0
9.277999891480327,-1.2779998914803277,4.679164558090717
14.277999891480327,-1.2779998914803277,7.781915085834001
19.277999891480327,-1.2779998914803277,12.823294321333274
27.277999891480327,-1.2779998914803277,23.8210542815023
31.277999891480327,-1.2779998914803277,30.213052283228745
37.27799989148033,-1.2779998914803277,35.918797514354765
43.27799989148033,-1.2779998914803277,40.76059000576399
43.27799989148033,-1.2779998914803277,44.58643472640728
43.27799989148033,-1.2779998914803277,45.03691630590427
43.27799989148033,-1.2779998914803277,44.13953033790453
43.27799989148033,-1.2779998914803277,51.024658488068354
40.27799989148033,-1.2779998914803277,38.68804084103659
30.277999891480327,-1.2779998914803277,27.1641321948449
29.277999891480327,-1.2779998914803277,26.120956177862926
18.277999891480327,-1.2779998914803277,11.06456442804098
1.2779998914803277,-1.2779998914803277,0.5320477373748859
1.2779998914803277,-1.2779998914803277,0.0
1.2779998914803277,-1.2779998914803277,0.0
1.2779998914803277,-1.2779998914803277,0.0
1.2779998914803277,-1.2779998914803277,0.0
1.2779998914803277,-1.2779998914803277,0.0
1.2779998914803277,-1.2779998914803277,0.0
1.2779998914803277,-1.2779998914803277,0.0
1.2779998914803277,-1.2779998914803277,0.0
1.2779998914803277,-1.2779998914803277,0.0
1.2779998914803277,-1.2779998914803277,0.0
10.277999891480327,-1.2779998914803277,5.555034915102715
11.277999891480327,-1.2779998914803277,6.336943633502971
9.277999891480327,-1.2779998914803277,5.090433785509952
20.277999891480327,-1.2779998914803277,15.628477717337548
25.277999891480327,-1.2779998914803277,21.847246918341032
27.277999891480327,-1.2779998914803277,25.495008941400183
23.277999891480327,-1.2779998914803277,20.22273455439339
23.277999891480327,-1.2779998914803277,19.92625218783508
24.277999891480327,-1.2779998914803277,20.61269938730662
18.277999891480327,-1.2779998914803277,12.574123636103113
12.277999891480327,-1.2779998914803277,7.614249769106336
9.277999891480327,-1.2779998914803277,5.733111579119175
2.2779998914803277,-1.2779998914803277,1.5614347565165752
1.2779998914803277,-1.2779998914803277,0.0
1.2779998914803277,-1.2779998914803277,0.0
1.2779998914803277,-1.2779998914803277,0.0
1.2779998914803277,-1.2779998914803277,0.0
1.2779998914803277,-1.2779998914803277,0.0
1.2779998914803277,-1.2779998914803277,0.0
1.2779998914803277,-1.2779998914803277,0.0
1.2779998914803277,-1.2779998914803277,0.0
1.2779998914803277,-1.2779998914803277,0.0
1.2779998914803277,-1.2779998914803277,0.0
1.2779998914803277,-1.2779998914803277,0.0
1.2779998914803277,-1.2779998914803277,0.0
1.2779998914803277,-1.2779998914803277,0.0
1.2779998914803277,-1.2779998914803277,0.0
1.2779998914803277,-1.2779998914803277,0.0
1.2779998914803277,-1.2779998914803277,0.0
1.2779998914803277,-1.2779998914803277,0.0
1.2779998914803277,-1.2779998914803277,0.0
1.2779998914803277,-1.2779998914803277,0.0
1.2779998914803277,-1.2779998914803277,0.0
1.2779998914803277,-1.2779998914803277,0.0
1.2779998914803277,-1.2779998914803277,0.0
1.2779998914803277,-1.2779998914803277,0.0
1.2779998914803277,-1.2779998914803277,0.0
1.2779998914803277,-1.2779998914803277,0.0
1.2779998914803277,-1.2779998914803277,0.0
1.2779998914803277,-1.2779998914803277,0.0
1.2779998914803277,-1.2779998914803277,0.0
1.2779998914803277,-1.2779998914803277,0.0
1.2779998914803277,-1.2779998914803277,0.0
1.2779998914803277,-1.2779998914803277,0.0
1.2779998914803277,-1.2779998914803277,0.0
1.2779998914803277,-1.2779998914803277,0.0
1.2779998914803277,-1.2779998914803277,0.0
1.2779998914803277,-1.2779998914803277,0.0
1.2779998914803277,-1.2779998914803277,0.0
1.2779998914803277,-1.2779998914803277,0.0
1.2779998914803277,-1.2779998914803277,0.0
1.2779998914803277,-1.2779998914803277,0.0
1.2779998914803277,-1.2779998914803277,0.0
1.2779998914803277,-1.2779998914803277,0.14618216897021943
6.277999891480327,-1.2779998914803277,4.60104314360321
10.277999891480327,-1.2779998914803277,8.19739749694893
14.277999891480327,-1.2779998914803277,11.90071497057078
18.277999891480327,-1.2779998914803277,15.767439392840593
21.277999891480327,-1.2779998914803277,18.249125094259842
21.277999891480327,-1.2779998914803277,18.505909818076933
22.277999891480327,-1.2779998914803277,19.84697868122127
10.277999891480327,-1.2779998914803277,9.54008553486828
15.277999891480327,-1.2779998914803277,14.317553878553896
16.277999891480327,-1.2779998914803277,15.395640100293965
19.277999891480327,-1.2779998914803277,18.949331568583492
30.277999891480327,-1.2779998914803277,26.86608197869578
17.277999891480327,-1.2779998914803277,15.936999690450318
19.277999891480327,-1.2779998914803277,18.320612054116904
18.277999891480327,-1.2779998914803277,16.710217366829873
22.277999891480327,-1.2779998914803277,21.62879862698055
27.277999891480327,-1.2779998914803277,25.367530602202194
32.27799989148033,-1.2779998914803277,29.179470858697094
21.277999891480327,-1.2779998914803277,19.646892728799042
24.277999891480327,-1.2779998914803277,23.783680933152258
20.277999891480327,-1.2779998914803277,18.961582577439117
18.277999891480327,-1.2779998914803277,16.477741188082796
24.277999891480327,-1.2779998914803277,23.62292813593242
36.27799989148033,-1.2779998914803277,32.45677135277444
30.277999891480327,-1.2779998914803277,27.950632112437805
21.277999891480327,-1.2779998914803277,19.693852742689867
20.277999891480327,-1.2779998914803277,18.27718245835886
18.277999891480327,-1.2779998914803277,16.542289417203477
17.277999891480327,-1.2779998914803277,14.533571573739614
15.277999891480327,-1.2779998914803277,12.30268921918689
14.277999891480327,-1.2779998914803277,11.377809580719566
15.277999891480327,-1.2779998914803277,11.849154358543231
8.277999891480327,-1.2779998914803277,6.3649112968471036
1.2779998914803277,-1.2779998914803277,0.8700575202290991
1.2779998914803277,-1.2779998914803277,0.0
1.2779998914803277,-1.2779998914803277,0.0
1.2779998914803277,-1.2779998914803277,0.0
1.2779998914803277,-1.2779998914803277,0.0
1.2779998914803277,-1.2779998914803277,0.0
1.2779998914803277,-1.2779998914803277,0.0
1.2779998914803277,-1.2779998914803277,0.0
1.2779998914803277,-1.2779998914803277,0.0
1.2779998914803277,-1.2779998914803277,0.0
1.2779998914803277,-1.2779998914803277,0.0
1.2779998914803277,-1.2779998914803277,0.0
1.2779998914803277,-1.2779998914803277,0.0
1.2779998914803277,-1.2779998914803277,0.0
1.2779998914803277,-1.2779998914803277,0.0
1.2779998914803277,-1.2779998914803277,0.0
1.2779998914803277,-1.2779998914803277,0.0
1.2779998914803277,-1.2779998914803277,0.0
1.2779998914803277,-1.2779998914803277,0.0
1.2779998914803277,-1.2779998914803277,0.0
1.2779998914803277,-1.2779998914803277,0.0
1.2779998914803277,-1.2779998914803277,0.0
3.2779998914803277,-1.2779998914803277,1.9181001406123879
8.277999891480327,-1.2779998914803277,6.018536492149316
11.277999891480327,-1.2779998914803277,9.428805739400927
15.277999891480327,-1.2779998914803277,12.907806461780245
19.277999891480327,-1.2779998914803277,16.501242218810575
24.277999891480327,-1.2779998914803277,20.27267944445321
28.277999891480327,-1.2779998914803277,24.306073375567568
23.277999891480327,-1.2779998914803277,20.885843634795346
2.2779998914803277,-1.2779998914803277,1.7634550500671025
18.277999891480327,-1.2779998914803277,17.331530176980745
16.277999891480327,-1.2779998914803277,15.033853658443162
13.277999891480327,-1.2779998914803277,11.1497174035827
2.2779998914803277,-1.2779998914803277,2.0199582293421328
1.2779998914803277,-1.2779998914803277,1.324831082347626
1.2779998914803277,-1.2779998914803277,0.6413350997193816
1.2779998914803277,-1.2779998914803277,1.1221470123388595
2.2779998914803277,-1.2779998914803277,1.5305419351149996
1.2779998914803277,-1.2779998914803277,0.0
1.2779998914803277,-1.2779998914803277,0.0
1.2779998914803277,-1.2779998914803277,0.0
1.2779998914803277,-1.2779998914803277,0.0
1.2779998914803277,-1.2779998914803277,0.0
1.2779998914803277,-1.2779998914803277,0.0
1.2779998914803277,-1.2779998914803277,0.0
1.2779998914803277,-1.2779998914803277,0.0
1.2779998914803277,-1.2779998914803277,0.0
1.2779998914803277,-1.2779998914803277,0.0
1.2779998914803277,-1.2779998914803277,0.0
1.2779998914803277,-1.2779998914803277,0.0
1.2779998914803277,-1.2779998914803277,0.0
1.2779998914803277,-1.2779998914803277,0.0
1.2779998914803277,-1.2779998914803277,0.0
1.2779998914803277,-1.2779998914803277,0.0
1.2779998914803277,-1.2779998914803277,0.0
1.2779998914803277,-1.2779998914803277,0.0
1.2779998914803277,-1.2779998914803277,0.0
1.2779998914803277,-1.2779998914803277,0.0
1.2779998914803277,-1.2779998914803277,0.0
1.2779998914803277,-1.2779998914803277,0.0
1.2779998914803277,-1.2779998914803277,0.0
1.2779998914803277,-1.2779998914803277,0.0
1.2779998914803277,-1.2779998914803277,0.0
1.2779998914803277,-1.2779998914803277,0.0
1.2779998914803277,-1.2779998914803277,0.0
1.2779998914803277,-1.2779998914803277,0.0
8.277999891480327,-1.2779998914803277,5.872079009531969
15.277999891480327,-1.2779998914803277,11.805156241924847
22.277999891480327,-1.2779998914803277,17.840947841070022
30.277999891480327,-1.2779998914803277,24.011934607967007
38.27799989148033,-1.2779998914803277,30.336618849348923
43.27799989148033,-1.2779998914803277,36.81407954896858
43.27799989148033,-1.2779998914803277,43.417960365977144
43.27799989148033,-1.2779998914803277,50.09031023970949
37.27799989148033,-1.2779998914803277,31.905633819839686
38.27799989148033,-1.2779998914803277,32.31771724709651
43.27799989148033,-1.2779998914803277,48.723709876641735
43.27799989148033,-1.2779998914803277,38.70462879050383
29.277999891480327,-1.2779998914803277,26.474442517488846
39.27799989148033,-1.2779998914803277,34.575742611144406
21.277999891480327,-1.2779998914803277,20.678293388938044
22.277999891480327,-1.2779998914803277,21.944848581253158
21.277999891480327,-1.2779998914803277,20.09136915919658
11.277999891480327,-1.2779998914803277,9.032649388728938
12.277999891480327,-1.2779998914803277,9.456702570568797
9.277999891480327,-1.2779998914803277,6.929136059379768
1.2779998914803277,-1.2779998914803277,0.0414868541807091
1.2779998914803277,-1.2779998914803277,0.0
3.2779998914803277,-1.2779998914803277,2.518363404217315
1.2779998914803277,-1.2779998914803277,0.0
1.2779998914803277,-1.2779998914803277,0.0
1.2779998914803277,-1.2779998914803277,0.0
1.2779998914803277,-1.2779998914803277,0.0
1.2779998914803277,-1.2779998914803277,0.0
1.2779998914803277,-1.2779998914803277,0.0
1.2779998914803277,-1.2779998914803277,0.0
1.2779998914803277,-1.2779998914803277,0.0
1.2779998914803277,-1.2779998914803277,0.0
1.2779998914803277,-1.2779998914803277,0.0
1.2779998914803277,-1.2779998914803277,0.0
1.2779998914803277,-1.2779998914803277,0.0
1.2779998914803277,-1.2779998914803277,0.0
5.277999891480327,-1.2779998914803277,3.8508578718204705
1.2779998914803277,-1.2779998914803277,0.0
2.2779998914803277,-1.2779998914803277,1.4021333227976658
8.277999891480327,-1.2779998914803277,6.596035683327356
11.277999891480327,-1.2779998914803277,8.970991617223442
10.277999891480327,-1.2779998914803277,8.394479557086408
13.277999891480327,-1.2779998914803277,10.445748263297734
16.277999891480327,-1.2779998914803277,13.708220608847519
4.277999891480327,-1.2779998914803277,2.80064504156949
1.2779998914803277,-1.2779998914803277,0.0
1.2779998914803277,-1.2779998914803277,0.0
1.2779998914803277,-1.2779998914803277,0.0
1.2779998914803277,-1.2779998914803277,0.0
1.2779998914803277,-1.2779998914803277,0.0
1.2779998914803277,-1.2779998914803277,0.0
1.2779998914803277,-1.2779998914803277,0.0
1.2779998914803277,-1.2779998914803277,0.0
1.2779998914803277,-1.2779998914803277,0.0
1.2779998914803277,-1.2779998914803277,0.0
1.2779998914803277,-1.2779998914803277,0.0
1.2779998914803277,-1.2779998914803277,0.0
1.2779998914803277,-1.2779998914803277,0.0
